dataset,model,model_display,threshold,n_total,accepted_n,rejected_n,coverage,accuracy_on_accepted,macro_f1_on_accepted,operational_recall_correct_accepted_over_all,false_discovery_rate_wrong_among_accepted,false_positive_rate_wrong_accepted_over_all,macro_one_vs_rest_fpr
reference_heldout_test,pca_svm,PCA-SVM,0.0,133.0,133.0,0.0,1.0,0.6992481203007519,0.6227365003869791,0.6992481203007519,0.3007518796992481,0.3007518796992481,
reference_heldout_test,pca_svm,PCA-SVM,0.4999999999999999,133.0,101.0,32.0,0.7593984962406015,0.8118811881188119,0.7491658149746384,0.6165413533834587,0.18811881188118806,0.14285714285714282,
reference_heldout_test,pca_svm,PCA-SVM,0.7,133.0,77.0,56.0,0.5789473684210527,0.8571428571428571,0.8248365271092545,0.49624060150375937,0.1428571428571429,0.08270676691729327,
reference_heldout_test,pca_svm,PCA-SVM,0.7999999999999999,133.0,56.0,77.0,0.4210526315789473,0.9285714285714286,0.8787878787878788,0.3909774436090225,0.0714285714285714,0.030075187969924793,
reference_heldout_test,pca_svm,PCA-SVM,0.8999999999999999,133.0,31.0,102.0,0.2330827067669172,0.935483870967742,0.8666666666666666,0.21804511278195482,0.06451612903225801,0.015037593984962386,
reference_heldout_test,pls_da,PLS-DA,0.0,133.0,133.0,0.0,1.0,0.5488721804511278,0.3909088637233873,0.5488721804511278,0.45112781954887216,0.45112781954887216,
reference_heldout_test,pls_da,PLS-DA,0.4999999999999999,133.0,12.0,121.0,0.0902255639097744,1.0,1.0,0.0902255639097744,0.0,0.0,
reference_heldout_test,pls_da,PLS-DA,0.7,133.0,3.0,130.0,0.0225563909774436,1.0,1.0,0.0225563909774436,0.0,0.0,
reference_heldout_test,pls_da,PLS-DA,0.7999999999999999,133.0,0.0,133.0,0.0,,,,,,
reference_heldout_test,pls_da,PLS-DA,0.8999999999999999,133.0,0.0,133.0,0.0,,,,,,
reference_heldout_test,cnn,1D-CNN,0.0,133.0,133.0,0.0,1.0,0.6616541353383458,0.5824353097882509,0.6616541353383458,0.33834586466165417,0.33834586466165417,
reference_heldout_test,cnn,1D-CNN,0.4999999999999999,133.0,120.0,13.0,0.9022556390977444,0.7166666666666667,0.6398909145938009,0.6466165413533835,0.2833333333333333,0.2556390977443609,
reference_heldout_test,cnn,1D-CNN,0.7,133.0,106.0,27.0,0.7969924812030075,0.7641509433962265,0.6863542765169574,0.6090225563909775,0.23584905660377353,0.18796992481203,
reference_heldout_test,cnn,1D-CNN,0.7999999999999999,133.0,98.0,35.0,0.7368421052631579,0.8061224489795918,0.7058956860091152,0.5939849624060151,0.19387755102040816,0.14285714285714285,
reference_heldout_test,cnn,1D-CNN,0.8999999999999999,133.0,86.0,47.0,0.6466165413533834,0.8255813953488372,0.7148300152873325,0.5338345864661654,0.17441860465116277,0.11278195488721802,
reference_heldout_test,standard_transformer,Standard Transformer,0.0,133.0,133.0,0.0,1.0,0.7669172932330827,0.633796479095192,0.7669172932330827,0.23308270676691734,0.23308270676691734,
reference_heldout_test,standard_transformer,Standard Transformer,0.4999999999999999,133.0,132.0,1.0,0.9924812030075189,0.7727272727272727,0.6371531341546335,0.7669172932330828,0.2272727272727273,0.22556390977443613,
reference_heldout_test,standard_transformer,Standard Transformer,0.7,133.0,126.0,7.0,0.9473684210526316,0.8015873015873016,0.6685200306939437,0.7593984962406016,0.19841269841269837,0.18796992481203004,
reference_heldout_test,standard_transformer,Standard Transformer,0.7999999999999999,133.0,121.0,12.0,0.9097744360902256,0.8181818181818182,0.6794415799380567,0.7443609022556391,0.18181818181818177,0.16541353383458643,
reference_heldout_test,standard_transformer,Standard Transformer,0.8999999999999999,133.0,117.0,16.0,0.8796992481203008,0.8290598290598291,0.6887245394594453,0.7293233082706767,0.1709401709401709,0.15037593984962402,
reference_heldout_test,mst,MST,0.0,133.0,133.0,0.0,1.0,0.7669172932330827,0.6579749007666627,0.7669172932330827,0.23308270676691734,0.23308270676691734,
reference_heldout_test,mst,MST,0.4999999999999999,133.0,132.0,1.0,0.9924812030075189,0.7727272727272727,0.6619923408164914,0.7669172932330828,0.2272727272727273,0.22556390977443613,
reference_heldout_test,mst,MST,0.7,133.0,128.0,5.0,0.962406015037594,0.78125,0.669238695554485,0.7518796992481204,0.21875,0.2105263157894737,
reference_heldout_test,mst,MST,0.7999999999999999,133.0,128.0,5.0,0.962406015037594,0.78125,0.669238695554485,0.7518796992481204,0.21875,0.2105263157894737,
reference_heldout_test,mst,MST,0.8999999999999999,133.0,125.0,8.0,0.9398496240601504,0.8,0.6780864019021914,0.7518796992481204,0.19999999999999996,0.18796992481203004,
sherloc_pooled_random_validation,cnn,1D-CNN,0.0,438.0,438.0,0.0,1.0,0.6301369863013698,0.4283099836691589,0.6301369863013698,0.3698630136986301,0.3698630136986301,0.0713136157472228
sherloc_pooled_random_validation,cnn,1D-CNN,0.5,438.0,230.0,208.0,0.5251141552511416,0.7913043478260869,0.4191785651330866,0.4155251141552511,0.208695652173913,0.1095890410958904,0.0250949458859708
sherloc_pooled_random_validation,cnn,1D-CNN,0.7,438.0,131.0,307.0,0.2990867579908676,0.8625954198473282,0.3959785042543663,0.2579908675799087,0.1374045801526717,0.0410958904109589,0.0112583294145921
sherloc_pooled_random_validation,cnn,1D-CNN,0.8,438.0,83.0,355.0,0.1894977168949771,0.891566265060241,0.4219827586206897,0.1689497716894977,0.108433734939759,0.0205479452054794,0.0059954250295159
sherloc_pooled_random_validation,cnn,1D-CNN,0.9,438.0,45.0,393.0,0.1027397260273972,0.8666666666666667,0.2321428571428571,0.0890410958904109,0.1333333333333333,0.0136986301369863,0.0041137839433293
sherloc_pooled_random_validation,mst,MST,0.0,438.0,438.0,0.0,1.0,0.7671232876712328,0.6233133362470037,0.7671232876712328,0.2328767123287671,0.2328767123287671,0.0440580466904283
sherloc_pooled_random_validation,mst,MST,0.5,438.0,377.0,61.0,0.860730593607306,0.8169761273209549,0.5536181575433912,0.7031963470319634,0.1830238726790451,0.1575342465753424,0.030677950453148
sherloc_pooled_random_validation,mst,MST,0.7,438.0,239.0,199.0,0.545662100456621,0.9037656903765692,0.7852545214836837,0.4931506849315068,0.0962343096234309,0.0525114155251141,0.0093438405993776
sherloc_pooled_random_validation,mst,MST,0.8,438.0,204.0,234.0,0.4657534246575342,0.9411764705882352,0.8675133689839571,0.4383561643835616,0.0588235294117647,0.0273972602739726,0.0047419226238907
sherloc_pooled_random_validation,mst,MST,0.9,438.0,128.0,310.0,0.2922374429223744,0.9609375,0.8674982911825017,0.2808219178082192,0.0390625,0.0114155251141552,0.0019846924235638
sherloc_pooled_random_validation,pca_svm,PCA-SVM,0.0,438.0,438.0,0.0,1.0,0.7602739726027398,0.4672954768916678,0.7602739726027398,0.2397260273972602,0.2397260273972602,0.0513198548797226
sherloc_pooled_random_validation,pca_svm,PCA-SVM,0.5,438.0,354.0,84.0,0.8082191780821918,0.807909604519774,0.4917869833369591,0.6529680365296804,0.192090395480226,0.1552511415525114,0.0333472855514391
sherloc_pooled_random_validation,pca_svm,PCA-SVM,0.7,438.0,246.0,192.0,0.5616438356164384,0.8983739837398373,0.52,0.5045662100456622,0.1016260162601626,0.0570776255707762,0.0141973361017248
sherloc_pooled_random_validation,pca_svm,PCA-SVM,0.8,438.0,203.0,235.0,0.4634703196347032,0.9310344827586208,0.4658809523809524,0.4315068493150685,0.0689655172413793,0.0319634703196347,0.0083645455902509
sherloc_pooled_random_validation,pca_svm,PCA-SVM,0.9,438.0,154.0,284.0,0.3515981735159817,0.987012987012987,0.6644591611479028,0.3470319634703196,0.0129870129870129,0.0045662100456621,0.0014880952380952
sherloc_pooled_random_validation,pls_da,PLS-DA,0.0,438.0,438.0,0.0,1.0,0.7648401826484018,0.4517461290369656,0.7648401826484018,0.2351598173515981,0.2351598173515981,0.0524661419782041
sherloc_pooled_random_validation,pls_da,PLS-DA,0.5,438.0,339.0,99.0,0.773972602739726,0.8731563421828908,0.4882587505538325,0.6757990867579908,0.1268436578171091,0.0981735159817351,0.0210833282443783
sherloc_pooled_random_validation,pls_da,PLS-DA,0.7,438.0,192.0,246.0,0.4383561643835616,0.9739583333333334,0.6748967444120506,0.4269406392694064,0.0260416666666666,0.0114155251141552,0.0023351941945202
sherloc_pooled_random_validation,pls_da,PLS-DA,0.8,438.0,140.0,298.0,0.319634703196347,0.9928571428571428,0.7,0.317351598173516,0.0071428571428571,0.002283105022831,0.0004105090311986
sherloc_pooled_random_validation,pls_da,PLS-DA,0.9,438.0,84.0,354.0,0.1917808219178082,0.988095238095238,0.6666666666666666,0.1894977168949771,0.0119047619047619,0.002283105022831,0.0004105090311986
sherloc_pooled_random_validation,standard_transformer,Standard Transformer,0.0,438.0,438.0,0.0,1.0,0.6529680365296804,0.4128383788403581,0.6529680365296804,0.3470319634703196,0.3470319634703196,0.0717735724571795
sherloc_pooled_random_validation,standard_transformer,Standard Transformer,0.5,438.0,259.0,179.0,0.591324200913242,0.8146718146718147,0.4860872644850545,0.4817351598173516,0.1853281853281853,0.1095890410958904,0.0270777115131926
sherloc_pooled_random_validation,standard_transformer,Standard Transformer,0.7,438.0,22.0,416.0,0.0502283105022831,0.8636363636363636,0.4634146341463415,0.0433789954337899,0.1363636363636363,0.0068493150684931,0.0011806375442739
sherloc_pooled_random_validation,standard_transformer,Standard Transformer,0.8,438.0,1.0,437.0,0.002283105022831,1.0,1.0,0.002283105022831,0.0,0.0,0.0
sherloc_pooled_random_validation,standard_transformer,Standard Transformer,0.9,438.0,0.0,438.0,0.0,,,0.0,,0.0,0.0
