spectrum_id,variant,spikes_replaced
SHERLOC_REGION_0000,despike_sg11_asls,0
SHERLOC_REGION_0001,despike_sg11_asls,0
SHERLOC_REGION_0002,despike_sg11_asls,0
SHERLOC_REGION_0003,despike_sg11_asls,0
SHERLOC_REGION_0004,despike_sg11_asls,0
SHERLOC_REGION_0005,despike_sg11_asls,0
SHERLOC_REGION_0009,despike_sg11_asls,0
SHERLOC_REGION_0017,despike_sg11_asls,0
SHERLOC_REGION_0020,despike_sg11_asls,0
SHERLOC_REGION_0022,despike_sg11_asls,0
SHERLOC_REGION_0024,despike_sg11_asls,0
SHERLOC_REGION_0025,despike_sg11_asls,0
SHERLOC_REGION_0034,despike_sg11_asls,1
SHERLOC_REGION_0035,despike_sg11_asls,0
SHERLOC_REGION_0042,despike_sg11_asls,0
SHERLOC_REGION_0045,despike_sg11_asls,0
SHERLOC_REGION_0046,despike_sg11_asls,0
SHERLOC_REGION_0051,despike_sg11_asls,0
SHERLOC_REGION_0052,despike_sg11_asls,1
SHERLOC_REGION_0053,despike_sg11_asls,2
SHERLOC_REGION_0054,despike_sg11_asls,1
SHERLOC_REGION_0055,despike_sg11_asls,0
SHERLOC_REGION_0059,despike_sg11_asls,0
SHERLOC_REGION_0061,despike_sg11_asls,1
SHERLOC_REGION_0062,despike_sg11_asls,0
SHERLOC_REGION_0066,despike_sg11_asls,0
SHERLOC_REGION_0068,despike_sg11_asls,0
SHERLOC_REGION_0070,despike_sg11_asls,0
SHERLOC_REGION_0072,despike_sg11_asls,0
SHERLOC_REGION_0073,despike_sg11_asls,2
SHERLOC_REGION_0074,despike_sg11_asls,1
SHERLOC_REGION_0078,despike_sg11_asls,1
SHERLOC_REGION_0082,despike_sg11_asls,0
SHERLOC_REGION_0083,despike_sg11_asls,0
SHERLOC_REGION_0084,despike_sg11_asls,0
SHERLOC_REGION_0086,despike_sg11_asls,0
SHERLOC_REGION_0090,despike_sg11_asls,0
SHERLOC_REGION_0098,despike_sg11_asls,0
SHERLOC_REGION_0100,despike_sg11_asls,1
SHERLOC_REGION_0101,despike_sg11_asls,0
SHERLOC_REGION_0110,despike_sg11_asls,0
SHERLOC_REGION_0111,despike_sg11_asls,1
SHERLOC_REGION_0112,despike_sg11_asls,0
SHERLOC_REGION_0115,despike_sg11_asls,1
SHERLOC_REGION_0117,despike_sg11_asls,0
SHERLOC_REGION_0118,despike_sg11_asls,0
SHERLOC_REGION_0133,despike_sg11_asls,0
SHERLOC_REGION_0134,despike_sg11_asls,0
SHERLOC_REGION_0135,despike_sg11_asls,0
SHERLOC_REGION_0137,despike_sg11_asls,0
SHERLOC_REGION_0139,despike_sg11_asls,0
SHERLOC_REGION_0146,despike_sg11_asls,0
SHERLOC_REGION_0148,despike_sg11_asls,1
SHERLOC_REGION_0150,despike_sg11_asls,1
SHERLOC_REGION_0153,despike_sg11_asls,0
SHERLOC_REGION_0158,despike_sg11_asls,0
SHERLOC_REGION_0162,despike_sg11_asls,0
SHERLOC_REGION_0164,despike_sg11_asls,0
SHERLOC_REGION_0171,despike_sg11_asls,0
SHERLOC_REGION_0172,despike_sg11_asls,1
SHERLOC_REGION_0173,despike_sg11_asls,0
SHERLOC_REGION_0174,despike_sg11_asls,0
SHERLOC_REGION_0175,despike_sg11_asls,0
SHERLOC_REGION_0180,despike_sg11_asls,0
SHERLOC_REGION_0184,despike_sg11_asls,0
SHERLOC_REGION_0186,despike_sg11_asls,0
SHERLOC_REGION_0187,despike_sg11_asls,0
SHERLOC_REGION_0188,despike_sg11_asls,2
SHERLOC_REGION_0196,despike_sg11_asls,0
SHERLOC_REGION_0197,despike_sg11_asls,2
SHERLOC_REGION_0198,despike_sg11_asls,0
SHERLOC_REGION_0206,despike_sg11_asls,0
SHERLOC_REGION_0208,despike_sg11_asls,1
SHERLOC_REGION_0219,despike_sg11_asls,0
SHERLOC_REGION_0220,despike_sg11_asls,0
SHERLOC_REGION_0225,despike_sg11_asls,0
SHERLOC_REGION_0229,despike_sg11_asls,0
SHERLOC_REGION_0232,despike_sg11_asls,0
SHERLOC_REGION_0233,despike_sg11_asls,0
SHERLOC_REGION_0234,despike_sg11_asls,0
SHERLOC_REGION_0236,despike_sg11_asls,0
SHERLOC_REGION_0239,despike_sg11_asls,0
SHERLOC_REGION_0240,despike_sg11_asls,1
SHERLOC_REGION_0242,despike_sg11_asls,0
SHERLOC_REGION_0244,despike_sg11_asls,1
SHERLOC_REGION_0250,despike_sg11_asls,0
SHERLOC_REGION_0260,despike_sg11_asls,0
SHERLOC_REGION_0261,despike_sg11_asls,0
SHERLOC_REGION_0262,despike_sg11_asls,0
SHERLOC_REGION_0265,despike_sg11_asls,0
SHERLOC_REGION_0272,despike_sg11_asls,0
SHERLOC_REGION_0282,despike_sg11_asls,0
SHERLOC_REGION_0284,despike_sg11_asls,0
SHERLOC_REGION_0285,despike_sg11_asls,2
SHERLOC_REGION_0294,despike_sg11_asls,3
SHERLOC_REGION_0298,despike_sg11_asls,0
SHERLOC_REGION_0303,despike_sg11_asls,2
SHERLOC_REGION_0305,despike_sg11_asls,5
SHERLOC_REGION_0311,despike_sg11_asls,1
SHERLOC_REGION_0312,despike_sg11_asls,2
SHERLOC_REGION_0313,despike_sg11_asls,1
SHERLOC_REGION_0314,despike_sg11_asls,0
SHERLOC_REGION_0322,despike_sg11_asls,3
SHERLOC_REGION_0357,despike_sg11_asls,0
SHERLOC_REGION_0360,despike_sg11_asls,0
SHERLOC_REGION_0362,despike_sg11_asls,0
SHERLOC_REGION_0363,despike_sg11_asls,0
SHERLOC_REGION_0370,despike_sg11_asls,1
SHERLOC_REGION_0376,despike_sg11_asls,0
SHERLOC_REGION_0377,despike_sg11_asls,0
SHERLOC_REGION_0381,despike_sg11_asls,0
SHERLOC_REGION_0382,despike_sg11_asls,0
SHERLOC_REGION_0383,despike_sg11_asls,2
SHERLOC_REGION_0384,despike_sg11_asls,0
SHERLOC_REGION_0385,despike_sg11_asls,0
SHERLOC_REGION_0388,despike_sg11_asls,0
SHERLOC_REGION_0389,despike_sg11_asls,1
SHERLOC_REGION_0391,despike_sg11_asls,0
SHERLOC_REGION_0393,despike_sg11_asls,1
SHERLOC_REGION_0394,despike_sg11_asls,0
SHERLOC_REGION_0395,despike_sg11_asls,0
SHERLOC_REGION_0396,despike_sg11_asls,1
SHERLOC_REGION_0397,despike_sg11_asls,3
SHERLOC_REGION_0399,despike_sg11_asls,1
SHERLOC_REGION_0400,despike_sg11_asls,0
SHERLOC_REGION_0402,despike_sg11_asls,1
SHERLOC_REGION_0403,despike_sg11_asls,0
SHERLOC_REGION_0405,despike_sg11_asls,1
SHERLOC_REGION_0406,despike_sg11_asls,1
SHERLOC_REGION_0407,despike_sg11_asls,1
SHERLOC_REGION_0409,despike_sg11_asls,0
SHERLOC_REGION_0410,despike_sg11_asls,1
SHERLOC_REGION_0411,despike_sg11_asls,0
SHERLOC_REGION_0413,despike_sg11_asls,1
SHERLOC_REGION_0414,despike_sg11_asls,1
SHERLOC_REGION_0415,despike_sg11_asls,0
SHERLOC_REGION_0416,despike_sg11_asls,0
SHERLOC_REGION_0417,despike_sg11_asls,0
SHERLOC_REGION_0418,despike_sg11_asls,0
SHERLOC_REGION_0426,despike_sg11_asls,0
SHERLOC_REGION_0435,despike_sg11_asls,0
SHERLOC_REGION_0524,despike_sg11_asls,1
SHERLOC_REGION_0539,despike_sg11_asls,2
SHERLOC_REGION_0541,despike_sg11_asls,1
SHERLOC_REGION_0555,despike_sg11_asls,1
SHERLOC_REGION_0567,despike_sg11_asls,0
SHERLOC_REGION_0569,despike_sg11_asls,0
SHERLOC_REGION_0570,despike_sg11_asls,0
SHERLOC_REGION_0582,despike_sg11_asls,0
SHERLOC_REGION_0685,despike_sg11_asls,0
SHERLOC_REGION_0697,despike_sg11_asls,0
SHERLOC_REGION_0069,despike_sg11_asls,0
SHERLOC_REGION_0075,despike_sg11_asls,2
SHERLOC_REGION_0077,despike_sg11_asls,2
SHERLOC_REGION_0088,despike_sg11_asls,0
SHERLOC_REGION_0091,despike_sg11_asls,0
SHERLOC_REGION_0107,despike_sg11_asls,0
SHERLOC_REGION_0108,despike_sg11_asls,0
SHERLOC_REGION_0109,despike_sg11_asls,1
SHERLOC_REGION_0114,despike_sg11_asls,0
SHERLOC_REGION_0116,despike_sg11_asls,1
SHERLOC_REGION_0119,despike_sg11_asls,0
SHERLOC_REGION_0120,despike_sg11_asls,0
SHERLOC_REGION_0121,despike_sg11_asls,2
SHERLOC_REGION_0122,despike_sg11_asls,2
SHERLOC_REGION_0123,despike_sg11_asls,1
SHERLOC_REGION_0124,despike_sg11_asls,0
SHERLOC_REGION_0125,despike_sg11_asls,1
SHERLOC_REGION_0126,despike_sg11_asls,0
SHERLOC_REGION_0127,despike_sg11_asls,0
SHERLOC_REGION_0128,despike_sg11_asls,1
SHERLOC_REGION_0129,despike_sg11_asls,1
SHERLOC_REGION_0130,despike_sg11_asls,1
SHERLOC_REGION_0131,despike_sg11_asls,0
SHERLOC_REGION_0138,despike_sg11_asls,0
SHERLOC_REGION_0140,despike_sg11_asls,0
SHERLOC_REGION_0141,despike_sg11_asls,0
SHERLOC_REGION_0142,despike_sg11_asls,0
SHERLOC_REGION_0143,despike_sg11_asls,0
SHERLOC_REGION_0144,despike_sg11_asls,0
SHERLOC_REGION_0145,despike_sg11_asls,0
SHERLOC_REGION_0147,despike_sg11_asls,1
SHERLOC_REGION_0152,despike_sg11_asls,1
SHERLOC_REGION_0156,despike_sg11_asls,1
SHERLOC_REGION_0157,despike_sg11_asls,0
SHERLOC_REGION_0159,despike_sg11_asls,0
SHERLOC_REGION_0160,despike_sg11_asls,0
SHERLOC_REGION_0161,despike_sg11_asls,0
SHERLOC_REGION_0163,despike_sg11_asls,0
SHERLOC_REGION_0168,despike_sg11_asls,0
SHERLOC_REGION_0170,despike_sg11_asls,0
SHERLOC_REGION_0178,despike_sg11_asls,1
SHERLOC_REGION_0179,despike_sg11_asls,0
SHERLOC_REGION_0181,despike_sg11_asls,0
SHERLOC_REGION_0190,despike_sg11_asls,0
SHERLOC_REGION_0191,despike_sg11_asls,2
SHERLOC_REGION_0192,despike_sg11_asls,1
SHERLOC_REGION_0193,despike_sg11_asls,1
SHERLOC_REGION_0194,despike_sg11_asls,0
SHERLOC_REGION_0195,despike_sg11_asls,0
SHERLOC_REGION_0199,despike_sg11_asls,0
SHERLOC_REGION_0200,despike_sg11_asls,1
SHERLOC_REGION_0201,despike_sg11_asls,1
SHERLOC_REGION_0202,despike_sg11_asls,1
SHERLOC_REGION_0203,despike_sg11_asls,0
SHERLOC_REGION_0204,despike_sg11_asls,0
SHERLOC_REGION_0205,despike_sg11_asls,0
SHERLOC_REGION_0209,despike_sg11_asls,0
SHERLOC_REGION_0210,despike_sg11_asls,0
SHERLOC_REGION_0211,despike_sg11_asls,1
SHERLOC_REGION_0212,despike_sg11_asls,1
SHERLOC_REGION_0213,despike_sg11_asls,2
SHERLOC_REGION_0214,despike_sg11_asls,1
SHERLOC_REGION_0215,despike_sg11_asls,0
SHERLOC_REGION_0216,despike_sg11_asls,0
SHERLOC_REGION_0217,despike_sg11_asls,0
SHERLOC_REGION_0218,despike_sg11_asls,1
SHERLOC_REGION_0221,despike_sg11_asls,0
SHERLOC_REGION_0222,despike_sg11_asls,0
SHERLOC_REGION_0223,despike_sg11_asls,1
SHERLOC_REGION_0224,despike_sg11_asls,0
SHERLOC_REGION_0226,despike_sg11_asls,0
SHERLOC_REGION_0227,despike_sg11_asls,0
SHERLOC_REGION_0228,despike_sg11_asls,0
SHERLOC_REGION_0230,despike_sg11_asls,1
SHERLOC_REGION_0231,despike_sg11_asls,0
SHERLOC_REGION_0235,despike_sg11_asls,0
SHERLOC_REGION_0237,despike_sg11_asls,0
SHERLOC_REGION_0238,despike_sg11_asls,0
SHERLOC_REGION_0241,despike_sg11_asls,0
SHERLOC_REGION_0243,despike_sg11_asls,1
SHERLOC_REGION_0245,despike_sg11_asls,0
SHERLOC_REGION_0246,despike_sg11_asls,0
SHERLOC_REGION_0248,despike_sg11_asls,0
SHERLOC_REGION_0249,despike_sg11_asls,0
SHERLOC_REGION_0251,despike_sg11_asls,0
SHERLOC_REGION_0252,despike_sg11_asls,0
SHERLOC_REGION_0253,despike_sg11_asls,1
SHERLOC_REGION_0254,despike_sg11_asls,2
SHERLOC_REGION_0255,despike_sg11_asls,1
SHERLOC_REGION_0256,despike_sg11_asls,0
SHERLOC_REGION_0257,despike_sg11_asls,3
SHERLOC_REGION_0258,despike_sg11_asls,0
SHERLOC_REGION_0259,despike_sg11_asls,0
SHERLOC_REGION_0263,despike_sg11_asls,1
SHERLOC_REGION_0264,despike_sg11_asls,0
SHERLOC_REGION_0266,despike_sg11_asls,0
SHERLOC_REGION_0267,despike_sg11_asls,0
SHERLOC_REGION_0268,despike_sg11_asls,0
SHERLOC_REGION_0269,despike_sg11_asls,1
SHERLOC_REGION_0270,despike_sg11_asls,0
SHERLOC_REGION_0271,despike_sg11_asls,0
SHERLOC_REGION_0273,despike_sg11_asls,0
SHERLOC_REGION_0274,despike_sg11_asls,0
SHERLOC_REGION_0277,despike_sg11_asls,0
SHERLOC_REGION_0278,despike_sg11_asls,0
SHERLOC_REGION_0279,despike_sg11_asls,0
SHERLOC_REGION_0280,despike_sg11_asls,0
SHERLOC_REGION_0281,despike_sg11_asls,0
SHERLOC_REGION_0283,despike_sg11_asls,0
SHERLOC_REGION_0304,despike_sg11_asls,2
SHERLOC_REGION_0306,despike_sg11_asls,1
SHERLOC_REGION_0307,despike_sg11_asls,0
SHERLOC_REGION_0309,despike_sg11_asls,1
SHERLOC_REGION_0310,despike_sg11_asls,0
SHERLOC_REGION_0315,despike_sg11_asls,0
SHERLOC_REGION_0316,despike_sg11_asls,0
SHERLOC_REGION_0317,despike_sg11_asls,2
SHERLOC_REGION_0318,despike_sg11_asls,0
SHERLOC_REGION_0319,despike_sg11_asls,1
SHERLOC_REGION_0320,despike_sg11_asls,2
SHERLOC_REGION_0321,despike_sg11_asls,3
SHERLOC_REGION_0398,despike_sg11_asls,1
SHERLOC_REGION_0431,despike_sg11_asls,2
SHERLOC_REGION_0540,despike_sg11_asls,1
SHERLOC_REGION_0554,despike_sg11_asls,1
SHERLOC_REGION_0076,despike_sg11_asls,1
SHERLOC_REGION_0079,despike_sg11_asls,1
SHERLOC_REGION_0080,despike_sg11_asls,0
SHERLOC_REGION_0085,despike_sg11_asls,1
SHERLOC_REGION_0087,despike_sg11_asls,0
SHERLOC_REGION_0089,despike_sg11_asls,0
SHERLOC_REGION_0093,despike_sg11_asls,1
SHERLOC_REGION_0094,despike_sg11_asls,1
SHERLOC_REGION_0095,despike_sg11_asls,2
SHERLOC_REGION_0096,despike_sg11_asls,1
SHERLOC_REGION_0099,despike_sg11_asls,1
SHERLOC_REGION_0102,despike_sg11_asls,0
SHERLOC_REGION_0103,despike_sg11_asls,0
SHERLOC_REGION_0104,despike_sg11_asls,0
SHERLOC_REGION_0105,despike_sg11_asls,0
SHERLOC_REGION_0106,despike_sg11_asls,1
SHERLOC_REGION_0132,despike_sg11_asls,0
SHERLOC_REGION_0149,despike_sg11_asls,0
SHERLOC_REGION_0155,despike_sg11_asls,1
SHERLOC_REGION_0165,despike_sg11_asls,0
SHERLOC_REGION_0167,despike_sg11_asls,1
SHERLOC_REGION_0176,despike_sg11_asls,1
SHERLOC_REGION_0177,despike_sg11_asls,0
SHERLOC_REGION_0286,despike_sg11_asls,1
SHERLOC_REGION_0287,despike_sg11_asls,0
SHERLOC_REGION_0288,despike_sg11_asls,2
SHERLOC_REGION_0289,despike_sg11_asls,0
SHERLOC_REGION_0291,despike_sg11_asls,0
SHERLOC_REGION_0293,despike_sg11_asls,2
SHERLOC_REGION_0296,despike_sg11_asls,1
SHERLOC_REGION_0297,despike_sg11_asls,0
SHERLOC_REGION_0301,despike_sg11_asls,2
SHERLOC_REGION_0302,despike_sg11_asls,2
SHERLOC_REGION_0308,despike_sg11_asls,1
SHERLOC_REGION_0327,despike_sg11_asls,0
SHERLOC_REGION_0368,despike_sg11_asls,0
SHERLOC_REGION_0369,despike_sg11_asls,2
SHERLOC_REGION_0419,despike_sg11_asls,3
SHERLOC_REGION_0333,despike_sg11_asls,0
SHERLOC_REGION_0347,despike_sg11_asls,0
SHERLOC_REGION_0348,despike_sg11_asls,0
SHERLOC_REGION_0275,despike_sg11_asls,0
SHERLOC_REGION_0276,despike_sg11_asls,0
SHERLOC_REGION_0006,despike_sg11_asls,0
SHERLOC_REGION_0007,despike_sg11_asls,0
SHERLOC_REGION_0008,despike_sg11_asls,0
SHERLOC_REGION_0010,despike_sg11_asls,2
SHERLOC_REGION_0011,despike_sg11_asls,0
SHERLOC_REGION_0013,despike_sg11_asls,0
SHERLOC_REGION_0014,despike_sg11_asls,0
SHERLOC_REGION_0015,despike_sg11_asls,0
SHERLOC_REGION_0016,despike_sg11_asls,0
SHERLOC_REGION_0018,despike_sg11_asls,0
SHERLOC_REGION_0019,despike_sg11_asls,0
SHERLOC_REGION_0021,despike_sg11_asls,0
SHERLOC_REGION_0023,despike_sg11_asls,0
SHERLOC_REGION_0026,despike_sg11_asls,0
SHERLOC_REGION_0027,despike_sg11_asls,0
SHERLOC_REGION_0028,despike_sg11_asls,1
SHERLOC_REGION_0029,despike_sg11_asls,0
SHERLOC_REGION_0030,despike_sg11_asls,0
SHERLOC_REGION_0031,despike_sg11_asls,0
SHERLOC_REGION_0032,despike_sg11_asls,0
SHERLOC_REGION_0033,despike_sg11_asls,0
SHERLOC_REGION_0036,despike_sg11_asls,0
SHERLOC_REGION_0037,despike_sg11_asls,0
SHERLOC_REGION_0038,despike_sg11_asls,0
SHERLOC_REGION_0039,despike_sg11_asls,0
SHERLOC_REGION_0040,despike_sg11_asls,0
SHERLOC_REGION_0041,despike_sg11_asls,0
SHERLOC_REGION_0043,despike_sg11_asls,0
SHERLOC_REGION_0044,despike_sg11_asls,0
SHERLOC_REGION_0047,despike_sg11_asls,0
SHERLOC_REGION_0048,despike_sg11_asls,0
SHERLOC_REGION_0049,despike_sg11_asls,0
SHERLOC_REGION_0050,despike_sg11_asls,0
SHERLOC_REGION_0056,despike_sg11_asls,0
SHERLOC_REGION_0057,despike_sg11_asls,0
SHERLOC_REGION_0058,despike_sg11_asls,0
SHERLOC_REGION_0060,despike_sg11_asls,0
SHERLOC_REGION_0063,despike_sg11_asls,0
SHERLOC_REGION_0064,despike_sg11_asls,0
SHERLOC_REGION_0065,despike_sg11_asls,0
SHERLOC_REGION_0067,despike_sg11_asls,0
SHERLOC_REGION_0071,despike_sg11_asls,0
SHERLOC_REGION_0113,despike_sg11_asls,0
SHERLOC_REGION_0323,despike_sg11_asls,0
SHERLOC_REGION_0324,despike_sg11_asls,0
SHERLOC_REGION_0328,despike_sg11_asls,0
SHERLOC_REGION_0329,despike_sg11_asls,1
SHERLOC_REGION_0331,despike_sg11_asls,0
SHERLOC_REGION_0332,despike_sg11_asls,0
SHERLOC_REGION_0334,despike_sg11_asls,1
SHERLOC_REGION_0336,despike_sg11_asls,0
SHERLOC_REGION_0339,despike_sg11_asls,0
SHERLOC_REGION_0342,despike_sg11_asls,0
SHERLOC_REGION_0351,despike_sg11_asls,0
SHERLOC_REGION_0354,despike_sg11_asls,0
SHERLOC_REGION_0358,despike_sg11_asls,0
SHERLOC_REGION_0359,despike_sg11_asls,0
SHERLOC_REGION_0361,despike_sg11_asls,0
SHERLOC_REGION_0364,despike_sg11_asls,0
SHERLOC_REGION_0365,despike_sg11_asls,0
SHERLOC_REGION_0366,despike_sg11_asls,0
SHERLOC_REGION_0367,despike_sg11_asls,0
SHERLOC_REGION_0371,despike_sg11_asls,0
SHERLOC_REGION_0372,despike_sg11_asls,0
SHERLOC_REGION_0373,despike_sg11_asls,0
SHERLOC_REGION_0374,despike_sg11_asls,0
SHERLOC_REGION_0375,despike_sg11_asls,0
SHERLOC_REGION_0378,despike_sg11_asls,0
SHERLOC_REGION_0380,despike_sg11_asls,0
SHERLOC_REGION_0386,despike_sg11_asls,0
SHERLOC_REGION_0387,despike_sg11_asls,0
SHERLOC_REGION_0390,despike_sg11_asls,0
SHERLOC_REGION_0392,despike_sg11_asls,0
SHERLOC_REGION_0401,despike_sg11_asls,3
SHERLOC_REGION_0404,despike_sg11_asls,0
SHERLOC_REGION_0408,despike_sg11_asls,1
SHERLOC_REGION_0412,despike_sg11_asls,1
SHERLOC_REGION_0420,despike_sg11_asls,0
SHERLOC_REGION_0421,despike_sg11_asls,0
SHERLOC_REGION_0422,despike_sg11_asls,0
SHERLOC_REGION_0423,despike_sg11_asls,0
SHERLOC_REGION_0424,despike_sg11_asls,0
SHERLOC_REGION_0425,despike_sg11_asls,0
SHERLOC_REGION_0427,despike_sg11_asls,0
SHERLOC_REGION_0428,despike_sg11_asls,1
SHERLOC_REGION_0429,despike_sg11_asls,0
SHERLOC_REGION_0430,despike_sg11_asls,2
SHERLOC_REGION_0432,despike_sg11_asls,0
SHERLOC_REGION_0433,despike_sg11_asls,0
SHERLOC_REGION_0434,despike_sg11_asls,1
SHERLOC_REGION_0436,despike_sg11_asls,0
SHERLOC_REGION_0437,despike_sg11_asls,0
SHERLOC_REGION_0438,despike_sg11_asls,0
SHERLOC_REGION_0439,despike_sg11_asls,0
SHERLOC_REGION_0440,despike_sg11_asls,0
SHERLOC_REGION_0441,despike_sg11_asls,0
SHERLOC_REGION_0442,despike_sg11_asls,0
SHERLOC_REGION_0443,despike_sg11_asls,0
SHERLOC_REGION_0444,despike_sg11_asls,0
SHERLOC_REGION_0445,despike_sg11_asls,0
SHERLOC_REGION_0446,despike_sg11_asls,0
SHERLOC_REGION_0447,despike_sg11_asls,0
SHERLOC_REGION_0448,despike_sg11_asls,0
SHERLOC_REGION_0449,despike_sg11_asls,0
SHERLOC_REGION_0451,despike_sg11_asls,0
SHERLOC_REGION_0452,despike_sg11_asls,0
SHERLOC_REGION_0453,despike_sg11_asls,0
SHERLOC_REGION_0455,despike_sg11_asls,0
SHERLOC_REGION_0456,despike_sg11_asls,1
SHERLOC_REGION_0457,despike_sg11_asls,0
SHERLOC_REGION_0458,despike_sg11_asls,0
SHERLOC_REGION_0459,despike_sg11_asls,0
SHERLOC_REGION_0460,despike_sg11_asls,0
SHERLOC_REGION_0461,despike_sg11_asls,0
SHERLOC_REGION_0462,despike_sg11_asls,0
SHERLOC_REGION_0463,despike_sg11_asls,0
SHERLOC_REGION_0465,despike_sg11_asls,0
SHERLOC_REGION_0467,despike_sg11_asls,0
SHERLOC_REGION_0468,despike_sg11_asls,0
SHERLOC_REGION_0469,despike_sg11_asls,0
SHERLOC_REGION_0470,despike_sg11_asls,0
SHERLOC_REGION_0471,despike_sg11_asls,0
SHERLOC_REGION_0473,despike_sg11_asls,0
SHERLOC_REGION_0474,despike_sg11_asls,0
SHERLOC_REGION_0475,despike_sg11_asls,0
SHERLOC_REGION_0477,despike_sg11_asls,2
SHERLOC_REGION_0478,despike_sg11_asls,0
SHERLOC_REGION_0479,despike_sg11_asls,0
SHERLOC_REGION_0480,despike_sg11_asls,1
SHERLOC_REGION_0481,despike_sg11_asls,0
SHERLOC_REGION_0482,despike_sg11_asls,0
SHERLOC_REGION_0483,despike_sg11_asls,0
SHERLOC_REGION_0484,despike_sg11_asls,0
SHERLOC_REGION_0485,despike_sg11_asls,2
SHERLOC_REGION_0486,despike_sg11_asls,0
SHERLOC_REGION_0487,despike_sg11_asls,0
SHERLOC_REGION_0488,despike_sg11_asls,0
SHERLOC_REGION_0489,despike_sg11_asls,0
SHERLOC_REGION_0490,despike_sg11_asls,1
SHERLOC_REGION_0491,despike_sg11_asls,0
SHERLOC_REGION_0492,despike_sg11_asls,0
SHERLOC_REGION_0493,despike_sg11_asls,0
SHERLOC_REGION_0494,despike_sg11_asls,0
SHERLOC_REGION_0495,despike_sg11_asls,0
SHERLOC_REGION_0496,despike_sg11_asls,0
SHERLOC_REGION_0497,despike_sg11_asls,0
SHERLOC_REGION_0498,despike_sg11_asls,0
SHERLOC_REGION_0499,despike_sg11_asls,0
SHERLOC_REGION_0500,despike_sg11_asls,0
SHERLOC_REGION_0501,despike_sg11_asls,0
SHERLOC_REGION_0502,despike_sg11_asls,0
SHERLOC_REGION_0503,despike_sg11_asls,0
SHERLOC_REGION_0504,despike_sg11_asls,0
SHERLOC_REGION_0505,despike_sg11_asls,0
SHERLOC_REGION_0506,despike_sg11_asls,0
SHERLOC_REGION_0507,despike_sg11_asls,0
SHERLOC_REGION_0508,despike_sg11_asls,0
SHERLOC_REGION_0509,despike_sg11_asls,0
SHERLOC_REGION_0510,despike_sg11_asls,0
SHERLOC_REGION_0511,despike_sg11_asls,0
SHERLOC_REGION_0512,despike_sg11_asls,0
SHERLOC_REGION_0513,despike_sg11_asls,0
SHERLOC_REGION_0514,despike_sg11_asls,0
SHERLOC_REGION_0515,despike_sg11_asls,0
SHERLOC_REGION_0516,despike_sg11_asls,0
SHERLOC_REGION_0518,despike_sg11_asls,1
SHERLOC_REGION_0519,despike_sg11_asls,0
SHERLOC_REGION_0520,despike_sg11_asls,0
SHERLOC_REGION_0522,despike_sg11_asls,0
SHERLOC_REGION_0523,despike_sg11_asls,0
SHERLOC_REGION_0525,despike_sg11_asls,0
SHERLOC_REGION_0526,despike_sg11_asls,0
SHERLOC_REGION_0527,despike_sg11_asls,0
SHERLOC_REGION_0528,despike_sg11_asls,0
SHERLOC_REGION_0529,despike_sg11_asls,0
SHERLOC_REGION_0530,despike_sg11_asls,0
SHERLOC_REGION_0531,despike_sg11_asls,0
SHERLOC_REGION_0532,despike_sg11_asls,0
SHERLOC_REGION_0533,despike_sg11_asls,0
SHERLOC_REGION_0534,despike_sg11_asls,0
SHERLOC_REGION_0535,despike_sg11_asls,0
SHERLOC_REGION_0536,despike_sg11_asls,0
SHERLOC_REGION_0537,despike_sg11_asls,0
SHERLOC_REGION_0538,despike_sg11_asls,2
SHERLOC_REGION_0542,despike_sg11_asls,0
SHERLOC_REGION_0543,despike_sg11_asls,0
SHERLOC_REGION_0544,despike_sg11_asls,0
SHERLOC_REGION_0545,despike_sg11_asls,0
SHERLOC_REGION_0546,despike_sg11_asls,0
SHERLOC_REGION_0547,despike_sg11_asls,0
SHERLOC_REGION_0548,despike_sg11_asls,0
SHERLOC_REGION_0549,despike_sg11_asls,0
SHERLOC_REGION_0550,despike_sg11_asls,0
SHERLOC_REGION_0551,despike_sg11_asls,0
SHERLOC_REGION_0552,despike_sg11_asls,0
SHERLOC_REGION_0553,despike_sg11_asls,0
SHERLOC_REGION_0556,despike_sg11_asls,0
SHERLOC_REGION_0557,despike_sg11_asls,0
SHERLOC_REGION_0558,despike_sg11_asls,0
SHERLOC_REGION_0559,despike_sg11_asls,0
SHERLOC_REGION_0560,despike_sg11_asls,0
SHERLOC_REGION_0561,despike_sg11_asls,0
SHERLOC_REGION_0562,despike_sg11_asls,0
SHERLOC_REGION_0563,despike_sg11_asls,0
SHERLOC_REGION_0564,despike_sg11_asls,0
SHERLOC_REGION_0565,despike_sg11_asls,0
SHERLOC_REGION_0566,despike_sg11_asls,0
SHERLOC_REGION_0568,despike_sg11_asls,0
SHERLOC_REGION_0572,despike_sg11_asls,0
SHERLOC_REGION_0573,despike_sg11_asls,0
SHERLOC_REGION_0574,despike_sg11_asls,0
SHERLOC_REGION_0575,despike_sg11_asls,0
SHERLOC_REGION_0576,despike_sg11_asls,0
SHERLOC_REGION_0577,despike_sg11_asls,0
SHERLOC_REGION_0578,despike_sg11_asls,0
SHERLOC_REGION_0579,despike_sg11_asls,0
SHERLOC_REGION_0580,despike_sg11_asls,0
SHERLOC_REGION_0581,despike_sg11_asls,0
SHERLOC_REGION_0583,despike_sg11_asls,0
SHERLOC_REGION_0584,despike_sg11_asls,0
SHERLOC_REGION_0585,despike_sg11_asls,0
SHERLOC_REGION_0586,despike_sg11_asls,0
SHERLOC_REGION_0587,despike_sg11_asls,0
SHERLOC_REGION_0588,despike_sg11_asls,0
SHERLOC_REGION_0589,despike_sg11_asls,0
SHERLOC_REGION_0590,despike_sg11_asls,0
SHERLOC_REGION_0591,despike_sg11_asls,0
SHERLOC_REGION_0592,despike_sg11_asls,0
SHERLOC_REGION_0593,despike_sg11_asls,0
SHERLOC_REGION_0594,despike_sg11_asls,0
SHERLOC_REGION_0595,despike_sg11_asls,0
SHERLOC_REGION_0596,despike_sg11_asls,1
SHERLOC_REGION_0597,despike_sg11_asls,0
SHERLOC_REGION_0598,despike_sg11_asls,0
SHERLOC_REGION_0599,despike_sg11_asls,0
SHERLOC_REGION_0600,despike_sg11_asls,0
SHERLOC_REGION_0601,despike_sg11_asls,0
SHERLOC_REGION_0602,despike_sg11_asls,0
SHERLOC_REGION_0603,despike_sg11_asls,0
SHERLOC_REGION_0604,despike_sg11_asls,0
SHERLOC_REGION_0605,despike_sg11_asls,0
SHERLOC_REGION_0606,despike_sg11_asls,0
SHERLOC_REGION_0607,despike_sg11_asls,0
SHERLOC_REGION_0608,despike_sg11_asls,0
SHERLOC_REGION_0609,despike_sg11_asls,0
SHERLOC_REGION_0610,despike_sg11_asls,0
SHERLOC_REGION_0611,despike_sg11_asls,1
SHERLOC_REGION_0612,despike_sg11_asls,0
SHERLOC_REGION_0613,despike_sg11_asls,0
SHERLOC_REGION_0614,despike_sg11_asls,1
SHERLOC_REGION_0615,despike_sg11_asls,0
SHERLOC_REGION_0616,despike_sg11_asls,0
SHERLOC_REGION_0617,despike_sg11_asls,0
SHERLOC_REGION_0618,despike_sg11_asls,0
SHERLOC_REGION_0619,despike_sg11_asls,0
SHERLOC_REGION_0620,despike_sg11_asls,0
SHERLOC_REGION_0621,despike_sg11_asls,0
SHERLOC_REGION_0622,despike_sg11_asls,0
SHERLOC_REGION_0623,despike_sg11_asls,0
SHERLOC_REGION_0624,despike_sg11_asls,0
SHERLOC_REGION_0625,despike_sg11_asls,0
SHERLOC_REGION_0626,despike_sg11_asls,0
SHERLOC_REGION_0627,despike_sg11_asls,0
SHERLOC_REGION_0628,despike_sg11_asls,0
SHERLOC_REGION_0629,despike_sg11_asls,0
SHERLOC_REGION_0630,despike_sg11_asls,0
SHERLOC_REGION_0631,despike_sg11_asls,1
SHERLOC_REGION_0632,despike_sg11_asls,0
SHERLOC_REGION_0633,despike_sg11_asls,0
SHERLOC_REGION_0634,despike_sg11_asls,0
SHERLOC_REGION_0635,despike_sg11_asls,0
SHERLOC_REGION_0636,despike_sg11_asls,0
SHERLOC_REGION_0637,despike_sg11_asls,0
SHERLOC_REGION_0638,despike_sg11_asls,0
SHERLOC_REGION_0639,despike_sg11_asls,0
SHERLOC_REGION_0640,despike_sg11_asls,1
SHERLOC_REGION_0641,despike_sg11_asls,0
SHERLOC_REGION_0642,despike_sg11_asls,0
SHERLOC_REGION_0643,despike_sg11_asls,0
SHERLOC_REGION_0644,despike_sg11_asls,0
SHERLOC_REGION_0645,despike_sg11_asls,0
SHERLOC_REGION_0646,despike_sg11_asls,0
SHERLOC_REGION_0647,despike_sg11_asls,0
SHERLOC_REGION_0648,despike_sg11_asls,1
SHERLOC_REGION_0649,despike_sg11_asls,0
SHERLOC_REGION_0650,despike_sg11_asls,0
SHERLOC_REGION_0652,despike_sg11_asls,0
SHERLOC_REGION_0653,despike_sg11_asls,0
SHERLOC_REGION_0654,despike_sg11_asls,0
SHERLOC_REGION_0655,despike_sg11_asls,0
SHERLOC_REGION_0656,despike_sg11_asls,0
SHERLOC_REGION_0657,despike_sg11_asls,0
SHERLOC_REGION_0658,despike_sg11_asls,0
SHERLOC_REGION_0659,despike_sg11_asls,1
SHERLOC_REGION_0660,despike_sg11_asls,0
SHERLOC_REGION_0661,despike_sg11_asls,0
SHERLOC_REGION_0662,despike_sg11_asls,0
SHERLOC_REGION_0663,despike_sg11_asls,0
SHERLOC_REGION_0664,despike_sg11_asls,0
SHERLOC_REGION_0665,despike_sg11_asls,0
SHERLOC_REGION_0666,despike_sg11_asls,0
SHERLOC_REGION_0667,despike_sg11_asls,0
SHERLOC_REGION_0668,despike_sg11_asls,1
SHERLOC_REGION_0669,despike_sg11_asls,0
SHERLOC_REGION_0671,despike_sg11_asls,0
SHERLOC_REGION_0672,despike_sg11_asls,0
SHERLOC_REGION_0673,despike_sg11_asls,0
SHERLOC_REGION_0674,despike_sg11_asls,0
SHERLOC_REGION_0675,despike_sg11_asls,0
SHERLOC_REGION_0676,despike_sg11_asls,0
SHERLOC_REGION_0677,despike_sg11_asls,0
SHERLOC_REGION_0678,despike_sg11_asls,0
SHERLOC_REGION_0679,despike_sg11_asls,0
SHERLOC_REGION_0680,despike_sg11_asls,0
SHERLOC_REGION_0681,despike_sg11_asls,0
SHERLOC_REGION_0682,despike_sg11_asls,0
SHERLOC_REGION_0683,despike_sg11_asls,0
SHERLOC_REGION_0686,despike_sg11_asls,0
SHERLOC_REGION_0687,despike_sg11_asls,0
SHERLOC_REGION_0688,despike_sg11_asls,0
SHERLOC_REGION_0689,despike_sg11_asls,0
SHERLOC_REGION_0690,despike_sg11_asls,0
SHERLOC_REGION_0691,despike_sg11_asls,0
SHERLOC_REGION_0692,despike_sg11_asls,0
SHERLOC_REGION_0693,despike_sg11_asls,0
SHERLOC_REGION_0694,despike_sg11_asls,0
SHERLOC_REGION_0695,despike_sg11_asls,0
SHERLOC_REGION_0696,despike_sg11_asls,0
SHERLOC_REGION_0698,despike_sg11_asls,0
SHERLOC_REGION_0699,despike_sg11_asls,0
SHERLOC_REGION_0700,despike_sg11_asls,0
SHERLOC_REGION_0701,despike_sg11_asls,0
SHERLOC_REGION_0702,despike_sg11_asls,1
SHERLOC_REGION_0703,despike_sg11_asls,0
SHERLOC_REGION_0704,despike_sg11_asls,0
SHERLOC_REGION_0705,despike_sg11_asls,0
SHERLOC_REGION_0706,despike_sg11_asls,0
SHERLOC_REGION_0707,despike_sg11_asls,0
SHERLOC_REGION_0708,despike_sg11_asls,0
SHERLOC_REGION_0709,despike_sg11_asls,0
SHERLOC_REGION_0710,despike_sg11_asls,0
SHERLOC_REGION_0711,despike_sg11_asls,1
SHERLOC_REGION_0712,despike_sg11_asls,0
SHERLOC_REGION_0713,despike_sg11_asls,0
SHERLOC_REGION_0714,despike_sg11_asls,0
SHERLOC_REGION_0715,despike_sg11_asls,0
SHERLOC_REGION_0716,despike_sg11_asls,0
SHERLOC_REGION_0717,despike_sg11_asls,0
SHERLOC_REGION_0718,despike_sg11_asls,0
SHERLOC_REGION_0719,despike_sg11_asls,0
SHERLOC_REGION_0720,despike_sg11_asls,0
SHERLOC_REGION_0721,despike_sg11_asls,0
SHERLOC_REGION_0722,despike_sg11_asls,0
SHERLOC_REGION_0723,despike_sg11_asls,0
SHERLOC_REGION_0724,despike_sg11_asls,0
SHERLOC_REGION_0725,despike_sg11_asls,0
SHERLOC_REGION_0726,despike_sg11_asls,0
SHERLOC_REGION_0727,despike_sg11_asls,0
SHERLOC_REGION_0728,despike_sg11_asls,0
SHERLOC_REGION_0729,despike_sg11_asls,0
SHERLOC_REGION_0730,despike_sg11_asls,0
SHERLOC_REGION_0731,despike_sg11_asls,0
SHERLOC_REGION_0732,despike_sg11_asls,0
SHERLOC_REGION_0733,despike_sg11_asls,0
SHERLOC_REGION_0734,despike_sg11_asls,0
SHERLOC_REGION_0735,despike_sg11_asls,0
SHERLOC_REGION_0736,despike_sg11_asls,0
SHERLOC_REGION_0737,despike_sg11_asls,0
SHERLOC_REGION_0739,despike_sg11_asls,0
SHERLOC_REGION_0740,despike_sg11_asls,0
SHERLOC_REGION_0741,despike_sg11_asls,0
SHERLOC_REGION_0742,despike_sg11_asls,0
SHERLOC_REGION_0743,despike_sg11_asls,0
SHERLOC_REGION_0744,despike_sg11_asls,0
SHERLOC_REGION_0745,despike_sg11_asls,0
SHERLOC_REGION_0746,despike_sg11_asls,0
SHERLOC_REGION_0747,despike_sg11_asls,0
SHERLOC_REGION_0748,despike_sg11_asls,0
SHERLOC_REGION_0749,despike_sg11_asls,0
SHERLOC_REGION_0750,despike_sg11_asls,0
PARENT_0783,despike_sg11_asls,1
PARENT_0780,despike_sg11_asls,0
PARENT_0781,despike_sg11_asls,1
PARENT_0782,despike_sg11_asls,1
PARENT_0784,despike_sg11_asls,0
PARENT_0785,despike_sg11_asls,0
PARENT_0786,despike_sg11_asls,0
PARENT_0787,despike_sg11_asls,0
PARENT_0788,despike_sg11_asls,1
PARENT_0789,despike_sg11_asls,0
PARENT_0790,despike_sg11_asls,0
PARENT_0791,despike_sg11_asls,0
PARENT_0792,despike_sg11_asls,0
PARENT_0793,despike_sg11_asls,0
PARENT_0794,despike_sg11_asls,0
PARENT_0795,despike_sg11_asls,0
PARENT_0796,despike_sg11_asls,0
PARENT_0797,despike_sg11_asls,0
PARENT_0798,despike_sg11_asls,1
PARENT_0799,despike_sg11_asls,1
PARENT_0800,despike_sg11_asls,0
PARENT_0801,despike_sg11_asls,1
PARENT_0802,despike_sg11_asls,0
PARENT_0803,despike_sg11_asls,0
PARENT_0804,despike_sg11_asls,0
PARENT_0805,despike_sg11_asls,0
PARENT_0806,despike_sg11_asls,2
PARENT_0807,despike_sg11_asls,1
PARENT_0808,despike_sg11_asls,1
PARENT_0809,despike_sg11_asls,2
PARENT_0810,despike_sg11_asls,0
