dataset,model,threshold,n_total,accepted_n,rejected_n,coverage,rejection_rate,accuracy_on_accepted,macro_f1_on_accepted,weighted_f1_on_accepted,precision_micro_on_accepted,operational_recall_correct_accepted_over_all,false_discovery_rate_wrong_among_accepted,false_positive_rate_wrong_accepted_over_all,macro_one_vs_rest_fpr
parent_heldout_test,PCA-SVM,0.0,133,133,0,1.0,0.0,0.7593984962406015,0.6509191113201143,0.7551024749615608,0.7593984962406015,0.7593984962406015,0.24060150375939848,0.24060150375939848,0.020781920134938278
parent_heldout_test,PCA-SVM,0.05,133,133,0,1.0,0.0,0.7593984962406015,0.6509191113201143,0.7551024749615608,0.7593984962406015,0.7593984962406015,0.24060150375939848,0.24060150375939848,0.020781920134938278
parent_heldout_test,PCA-SVM,0.1,133,133,0,1.0,0.0,0.7593984962406015,0.6509191113201143,0.7551024749615608,0.7593984962406015,0.7593984962406015,0.24060150375939848,0.24060150375939848,0.020781920134938278
parent_heldout_test,PCA-SVM,0.15,133,133,0,1.0,0.0,0.7593984962406015,0.6509191113201143,0.7551024749615608,0.7593984962406015,0.7593984962406015,0.24060150375939848,0.24060150375939848,0.020781920134938278
parent_heldout_test,PCA-SVM,0.2,133,131,2,0.9849624060150376,0.015037593984962405,0.7633587786259542,0.6593776346284709,0.7580448610651066,0.7633587786259542,0.7518796992481203,0.2366412213740458,0.23308270676691728,0.020135507723819984
parent_heldout_test,PCA-SVM,0.25,133,129,4,0.9699248120300752,0.03007518796992481,0.7751937984496124,0.6738560783283503,0.7727246393011672,0.7751937984496124,0.7518796992481203,0.2248062015503876,0.21804511278195488,0.018876074828460862
parent_heldout_test,PCA-SVM,0.3,133,122,11,0.9172932330827067,0.08270676691729323,0.7868852459016393,0.684544253775023,0.7851218064332818,0.7868852459016393,0.7218045112781954,0.21311475409836064,0.19548872180451127,0.016903402470392966
parent_heldout_test,PCA-SVM,0.35,133,120,13,0.9022556390977443,0.09774436090225563,0.7916666666666666,0.6875744332757907,0.7902771810614948,0.7916666666666666,0.7142857142857143,0.20833333333333334,0.18796992481203006,0.016292901859892357
parent_heldout_test,PCA-SVM,0.4,133,119,14,0.8947368421052632,0.10526315789473684,0.7983193277310925,0.6922108225275646,0.797746469125609,0.7983193277310925,0.7142857142857143,0.20168067226890757,0.18045112781954886,0.015629771886417558
parent_heldout_test,PCA-SVM,0.45,133,114,19,0.8571428571428571,0.14285714285714285,0.8157894736842105,0.7042719426322666,0.8140833658492936,0.8157894736842105,0.6992481203007519,0.18421052631578946,0.15789473684210525,0.013681377469783576
parent_heldout_test,PCA-SVM,0.5,133,109,24,0.8195488721804511,0.18045112781954886,0.8165137614678899,0.7076919711359071,0.8160373290928787,0.8165137614678899,0.6691729323308271,0.1834862385321101,0.15037593984962405,0.013034965058665283
parent_heldout_test,PCA-SVM,0.55,133,103,30,0.7744360902255639,0.22556390977443608,0.8349514563106796,0.7098840348840347,0.834215803875998,0.8349514563106796,0.6466165413533834,0.1650485436893204,0.12781954887218044,0.01105065884141362
parent_heldout_test,PCA-SVM,0.6,133,98,35,0.7368421052631579,0.2631578947368421,0.8469387755102041,0.7109148416840724,0.841928840143126,0.8469387755102041,0.6240601503759399,0.15306122448979592,0.11278195488721804,0.009772144252554201
parent_heldout_test,PCA-SVM,0.65,133,96,37,0.7218045112781954,0.2781954887218045,0.8541666666666666,0.7170981320778892,0.8500391997513709,0.8541666666666666,0.6165413533834586,0.14583333333333334,0.10526315789473684,0.009125731841435909
parent_heldout_test,PCA-SVM,0.7,133,91,42,0.6842105263157895,0.3157894736842105,0.8681318681318682,0.7213240568503726,0.8701681004312583,0.8681318681318682,0.5939849624060151,0.13186813186813187,0.09022556390977443,0.007816189456842815
parent_heldout_test,PCA-SVM,0.75,133,83,50,0.6240601503759399,0.37593984962406013,0.9156626506024096,0.757457361642882,0.9133852150684185,0.9156626506024096,0.5714285714285714,0.08433734939759036,0.05263157894736842,0.00448890573028504
parent_heldout_test,PCA-SVM,0.8,133,69,64,0.518796992481203,0.48120300751879697,0.9420289855072463,0.7670329670329671,0.9370600414078674,0.9420289855072463,0.48872180451127817,0.057971014492753624,0.03007518796992481,0.002552145172834828
parent_heldout_test,PCA-SVM,0.85,133,63,70,0.47368421052631576,0.5263157894736842,0.9523809523809523,0.758974358974359,0.9534391534391534,0.9523809523809523,0.45112781954887216,0.047619047619047616,0.022556390977443608,0.0019416445623342176
parent_heldout_test,PCA-SVM,0.9,133,49,84,0.3684210526315789,0.631578947368421,0.9795918367346939,0.676923076923077,0.9714285714285714,0.9795918367346939,0.3609022556390977,0.02040816326530612,0.007518796992481203,0.0006153846153846154
parent_heldout_test,PCA-SVM,0.95,133,41,92,0.3082706766917293,0.6917293233082706,0.975609756097561,0.676923076923077,0.9658536585365854,0.975609756097561,0.3007518796992481,0.024390243902439025,0.007518796992481203,0.0006153846153846154
parent_heldout_test,PLS-DA,0.0,133,133,0,1.0,0.0,0.5338345864661654,0.38553367299752495,0.5122715131364575,0.5338345864661654,0.5338345864661654,0.46616541353383456,0.46616541353383456,0.03904225898956089
parent_heldout_test,PLS-DA,0.05,133,133,0,1.0,0.0,0.5338345864661654,0.38553367299752495,0.5122715131364575,0.5338345864661654,0.5338345864661654,0.46616541353383456,0.46616541353383456,0.03904225898956089
parent_heldout_test,PLS-DA,0.1,133,133,0,1.0,0.0,0.5338345864661654,0.38553367299752495,0.5122715131364575,0.5338345864661654,0.5338345864661654,0.46616541353383456,0.46616541353383456,0.03904225898956089
parent_heldout_test,PLS-DA,0.15,133,131,2,0.9849624060150376,0.015037593984962405,0.5419847328244275,0.3913803903827039,0.5195681673928818,0.5419847328244275,0.5338345864661654,0.4580152671755725,0.45112781954887216,0.03784499452921504
parent_heldout_test,PLS-DA,0.2,133,111,22,0.8345864661654135,0.16541353383458646,0.5945945945945946,0.43666440196898715,0.5846110538073002,0.5945945945945946,0.49624060150375937,0.40540540540540543,0.3383458646616541,0.027925130579417465
parent_heldout_test,PLS-DA,0.25,133,73,60,0.5488721804511278,0.45112781954887216,0.5753424657534246,0.38392739011934063,0.5355646031544076,0.5753424657534246,0.3157894736842105,0.4246575342465753,0.23308270676691728,0.01944977643769897
parent_heldout_test,PLS-DA,0.3,133,55,78,0.41353383458646614,0.5864661654135338,0.5818181818181818,0.3631013431013431,0.5203347763347763,0.5818181818181818,0.24060150375939848,0.41818181818181815,0.17293233082706766,0.014287447272028396
parent_heldout_test,PLS-DA,0.35,133,39,94,0.2932330827067669,0.706766917293233,0.7435897435897436,0.4264346764346764,0.6888481888481888,0.7435897435897436,0.21804511278195488,0.2564102564102564,0.07518796992481203,0.006156599334781868
parent_heldout_test,PLS-DA,0.4,133,26,107,0.19548872180451127,0.8045112781954887,0.8076923076923077,0.4081196581196581,0.7585470085470085,0.8076923076923077,0.15789473684210525,0.19230769230769232,0.03759398496240601,0.0030429639804639805
parent_heldout_test,PLS-DA,0.45,133,17,116,0.12781954887218044,0.8721804511278195,1.0,0.46153846153846156,1.0,1.0,0.12781954887218044,0.0,0.0,0.0
parent_heldout_test,PLS-DA,0.5,133,9,124,0.06766917293233082,0.9323308270676691,1.0,0.38461538461538464,1.0,1.0,0.06766917293233082,0.0,0.0,0.0
parent_heldout_test,PLS-DA,0.55,133,5,128,0.03759398496240601,0.9624060150375939,1.0,0.15384615384615385,1.0,1.0,0.03759398496240601,0.0,0.0,0.0
parent_heldout_test,PLS-DA,0.6,133,5,128,0.03759398496240601,0.9624060150375939,1.0,0.15384615384615385,1.0,1.0,0.03759398496240601,0.0,0.0,0.0
parent_heldout_test,PLS-DA,0.65,133,3,130,0.022556390977443608,0.9774436090225563,1.0,0.07692307692307693,1.0,1.0,0.022556390977443608,0.0,0.0,0.0
parent_heldout_test,PLS-DA,0.7,133,3,130,0.022556390977443608,0.9774436090225563,1.0,0.07692307692307693,1.0,1.0,0.022556390977443608,0.0,0.0,0.0
parent_heldout_test,PLS-DA,0.75,133,2,131,0.015037593984962405,0.9849624060150376,1.0,0.07692307692307693,1.0,1.0,0.015037593984962405,0.0,0.0,0.0
parent_heldout_test,PLS-DA,0.8,133,0,133,0.0,1.0,,,,,0.0,,0.0,0.0
parent_heldout_test,PLS-DA,0.85,133,0,133,0.0,1.0,,,,,0.0,,0.0,0.0
parent_heldout_test,PLS-DA,0.9,133,0,133,0.0,1.0,,,,,0.0,,0.0,0.0
parent_heldout_test,PLS-DA,0.95,133,0,133,0.0,1.0,,,,,0.0,,0.0,0.0
parent_heldout_test,Optimized 1D-CNN,0.0,133,133,0,1.0,0.0,0.6691729323308271,0.5520312363551027,0.6595980608292475,0.6691729323308271,0.6691729323308271,0.3308270676691729,0.3308270676691729,0.028316563696357985
parent_heldout_test,Optimized 1D-CNN,0.05,133,133,0,1.0,0.0,0.6691729323308271,0.5520312363551027,0.6595980608292475,0.6691729323308271,0.6691729323308271,0.3308270676691729,0.3308270676691729,0.028316563696357985
parent_heldout_test,Optimized 1D-CNN,0.1,133,133,0,1.0,0.0,0.6691729323308271,0.5520312363551027,0.6595980608292475,0.6691729323308271,0.6691729323308271,0.3308270676691729,0.3308270676691729,0.028316563696357985
parent_heldout_test,Optimized 1D-CNN,0.15,133,133,0,1.0,0.0,0.6691729323308271,0.5520312363551027,0.6595980608292475,0.6691729323308271,0.6691729323308271,0.3308270676691729,0.3308270676691729,0.028316563696357985
parent_heldout_test,Optimized 1D-CNN,0.2,133,133,0,1.0,0.0,0.6691729323308271,0.5520312363551027,0.6595980608292475,0.6691729323308271,0.6691729323308271,0.3308270676691729,0.3308270676691729,0.028316563696357985
parent_heldout_test,Optimized 1D-CNN,0.25,133,132,1,0.9924812030075187,0.007518796992481203,0.6742424242424242,0.5645368593870415,0.6655076509586911,0.6742424242424242,0.6691729323308271,0.32575757575757575,0.3233082706766917,0.02772936463587648
parent_heldout_test,Optimized 1D-CNN,0.3,133,131,2,0.9849624060150376,0.015037593984962405,0.6793893129770993,0.5670506854302793,0.669340543768983,0.6793893129770993,0.6691729323308271,0.32061068702290074,0.3157894736842105,0.027150995636454848
parent_heldout_test,Optimized 1D-CNN,0.35,133,128,5,0.9624060150375939,0.03759398496240601,0.6875,0.5721157529415448,0.6786912070517309,0.6875,0.6616541353383458,0.3125,0.3007518796992481,0.025813101830321483
parent_heldout_test,Optimized 1D-CNN,0.4,133,124,9,0.9323308270676691,0.06766917293233082,0.6935483870967742,0.5687881562881563,0.6869991679467485,0.6935483870967742,0.6466165413533834,0.3064516129032258,0.2857142857142857,0.024556188808702577
parent_heldout_test,Optimized 1D-CNN,0.45,133,121,12,0.9097744360902256,0.09022556390977443,0.7024793388429752,0.5810787828759736,0.6935597276927405,0.7024793388429752,0.6390977443609023,0.2975206611570248,0.2706766917293233,0.023308814859122746
parent_heldout_test,Optimized 1D-CNN,0.5,133,119,14,0.8947368421052632,0.10526315789473684,0.7058823529411765,0.5838053169574908,0.6975905775549546,0.7058823529411765,0.631578947368421,0.29411764705882354,0.2631578947368421,0.02260309855707617
parent_heldout_test,Optimized 1D-CNN,0.55,133,116,17,0.8721804511278195,0.12781954887218044,0.7241379310344828,0.5940725493144849,0.7156373594116919,0.7241379310344828,0.631578947368421,0.27586206896551724,0.24060150375939848,0.020618792339824502
parent_heldout_test,Optimized 1D-CNN,0.6,133,110,23,0.8270676691729323,0.17293233082706766,0.7454545454545455,0.6329542154936003,0.7405572578209487,0.7454545454545455,0.6165413533834586,0.2545454545454545,0.21052631578947367,0.018128612516950564
parent_heldout_test,Optimized 1D-CNN,0.65,133,109,24,0.8195488721804511,0.18045112781954886,0.7431192660550459,0.6307564132957981,0.7381770491771041,0.7431192660550459,0.6090225563909775,0.25688073394495414,0.21052631578947367,0.018128612516950564
parent_heldout_test,Optimized 1D-CNN,0.7,133,99,34,0.7443609022556391,0.2556390977443609,0.7575757575757576,0.6407038692708045,0.7546187743390039,0.7575757575757576,0.5639097744360902,0.24242424242424243,0.18045112781954886,0.015464458763867591
parent_heldout_test,Optimized 1D-CNN,0.75,133,93,40,0.6992481203007519,0.3007518796992481,0.7849462365591398,0.6494322344322345,0.785972862263185,0.7849462365591398,0.5488721804511278,0.21505376344086022,0.15037593984962405,0.012895908570510898
parent_heldout_test,Optimized 1D-CNN,0.8,133,89,44,0.6691729323308271,0.3308270676691729,0.8089887640449438,0.6666745684638661,0.8087769916128491,0.8089887640449438,0.5413533834586466,0.19101123595505617,0.12781954887218044,0.010923236212443002
parent_heldout_test,Optimized 1D-CNN,0.85,133,83,50,0.6240601503759399,0.37593984962406013,0.8192771084337349,0.6738677988677988,0.8213829343347416,0.8192771084337349,0.5112781954887218,0.18072289156626506,0.11278195488721804,0.009613693827849908
parent_heldout_test,Optimized 1D-CNN,0.9,133,72,61,0.5413533834586466,0.45864661654135336,0.8472222222222222,0.6874236874236874,0.8375220458553793,0.8472222222222222,0.45864661654135336,0.1527777777777778,0.08270676691729323,0.0071092940131052655
parent_heldout_test,Optimized 1D-CNN,0.95,133,64,69,0.48120300751879697,0.518796992481203,0.890625,0.7202075702075702,0.880828373015873,0.890625,0.42857142857142855,0.109375,0.05263157894736842,0.004456774119206061
parent_heldout_test,Standard Transformer,0.0,133,133,0,1.0,0.0,0.7744360902255639,0.642103652315854,0.7674989660470605,0.7744360902255639,0.7744360902255639,0.22556390977443608,0.22556390977443608,0.01917783790959086
parent_heldout_test,Standard Transformer,0.05,133,133,0,1.0,0.0,0.7744360902255639,0.642103652315854,0.7674989660470605,0.7744360902255639,0.7744360902255639,0.22556390977443608,0.22556390977443608,0.01917783790959086
parent_heldout_test,Standard Transformer,0.1,133,133,0,1.0,0.0,0.7744360902255639,0.642103652315854,0.7674989660470605,0.7744360902255639,0.7744360902255639,0.22556390977443608,0.22556390977443608,0.01917783790959086
parent_heldout_test,Standard Transformer,0.15,133,133,0,1.0,0.0,0.7744360902255639,0.642103652315854,0.7674989660470605,0.7744360902255639,0.7744360902255639,0.22556390977443608,0.22556390977443608,0.01917783790959086
parent_heldout_test,Standard Transformer,0.2,133,133,0,1.0,0.0,0.7744360902255639,0.642103652315854,0.7674989660470605,0.7744360902255639,0.7744360902255639,0.22556390977443608,0.22556390977443608,0.01917783790959086
parent_heldout_test,Standard Transformer,0.25,133,133,0,1.0,0.0,0.7744360902255639,0.642103652315854,0.7674989660470605,0.7744360902255639,0.7744360902255639,0.22556390977443608,0.22556390977443608,0.01917783790959086
parent_heldout_test,Standard Transformer,0.3,133,133,0,1.0,0.0,0.7744360902255639,0.642103652315854,0.7674989660470605,0.7744360902255639,0.7744360902255639,0.22556390977443608,0.22556390977443608,0.01917783790959086
parent_heldout_test,Standard Transformer,0.35,133,133,0,1.0,0.0,0.7744360902255639,0.642103652315854,0.7674989660470605,0.7744360902255639,0.7744360902255639,0.22556390977443608,0.22556390977443608,0.01917783790959086
parent_heldout_test,Standard Transformer,0.4,133,132,1,0.9924812030075187,0.007518796992481203,0.7727272727272727,0.6401486181027553,0.7656413239535901,0.7727272727272727,0.7669172932330827,0.22727272727272727,0.22556390977443608,0.01917783790959086
parent_heldout_test,Standard Transformer,0.45,133,130,3,0.9774436090225563,0.022556390977443608,0.7846153846153846,0.6475964842576953,0.7799574602520594,0.7846153846153846,0.7669172932330827,0.2153846153846154,0.21052631578947367,0.01780899163406948
parent_heldout_test,Standard Transformer,0.5,133,129,4,0.9699248120300752,0.03007518796992481,0.7906976744186046,0.6518519988580376,0.7862616928937802,0.7906976744186046,0.7669172932330827,0.20930232558139536,0.20300751879699247,0.01714586166059468
parent_heldout_test,Standard Transformer,0.55,133,129,4,0.9699248120300752,0.03007518796992481,0.7906976744186046,0.6518519988580376,0.7862616928937802,0.7906976744186046,0.7669172932330827,0.20930232558139536,0.20300751879699247,0.01714586166059468
parent_heldout_test,Standard Transformer,0.6,133,127,6,0.9548872180451128,0.045112781954887216,0.8031496062992126,0.6580530951768411,0.8021458020088627,0.8031496062992126,0.7669172932330827,0.1968503937007874,0.18796992481203006,0.01582476074316349
parent_heldout_test,Standard Transformer,0.65,133,126,7,0.9473684210526315,0.05263157894736842,0.8095238095238095,0.6660984314830469,0.8074461693509312,0.8095238095238095,0.7669172932330827,0.19047619047619047,0.18045112781954886,0.015228457821279172
parent_heldout_test,Standard Transformer,0.7,133,124,9,0.9323308270676691,0.06766917293233082,0.8145161290322581,0.6655693309539464,0.813574120025733,0.8145161290322581,0.7593984962406015,0.18548387096774194,0.17293233082706766,0.01456532784780437
parent_heldout_test,Standard Transformer,0.75,133,123,10,0.924812030075188,0.07518796992481203,0.8211382113821138,0.6756425910272064,0.8209628372229997,0.8211382113821138,0.7593984962406015,0.17886178861788618,0.16541353383458646,0.01396902492592005
parent_heldout_test,Standard Transformer,0.8,133,122,11,0.9172932330827067,0.08270676691729323,0.8278688524590164,0.681330635176789,0.8275922620184915,0.8278688524590164,0.7593984962406015,0.1721311475409836,0.15789473684210525,0.013353640310535434
parent_heldout_test,Standard Transformer,0.85,133,122,11,0.9172932330827067,0.08270676691729323,0.8278688524590164,0.681330635176789,0.8275922620184915,0.8278688524590164,0.7593984962406015,0.1721311475409836,0.15789473684210525,0.013353640310535434
parent_heldout_test,Standard Transformer,0.9,133,118,15,0.8872180451127819,0.11278195488721804,0.8305084745762712,0.6834709180863029,0.8293362882345933,0.8305084745762712,0.7368421052631579,0.1694915254237288,0.15037593984962405,0.012738255695150821
parent_heldout_test,Standard Transformer,0.95,133,112,21,0.8421052631578947,0.15789473684210525,0.8571428571428571,0.7013295225436832,0.8562763923959432,0.8571428571428571,0.7218045112781954,0.14285714285714285,0.12030075187969924,0.010143448867398545
parent_heldout_test,MST validation-selected,0.0,133,133,0,1.0,0.0,0.7443609022556391,0.6411715599809698,0.7458680320956469,0.7443609022556391,0.7443609022556391,0.2556390977443609,0.2556390977443609,0.021634675274265276
parent_heldout_test,MST validation-selected,0.05,133,133,0,1.0,0.0,0.7443609022556391,0.6411715599809698,0.7458680320956469,0.7443609022556391,0.7443609022556391,0.2556390977443609,0.2556390977443609,0.021634675274265276
parent_heldout_test,MST validation-selected,0.1,133,133,0,1.0,0.0,0.7443609022556391,0.6411715599809698,0.7458680320956469,0.7443609022556391,0.7443609022556391,0.2556390977443609,0.2556390977443609,0.021634675274265276
parent_heldout_test,MST validation-selected,0.15,133,133,0,1.0,0.0,0.7443609022556391,0.6411715599809698,0.7458680320956469,0.7443609022556391,0.7443609022556391,0.2556390977443609,0.2556390977443609,0.021634675274265276
parent_heldout_test,MST validation-selected,0.2,133,133,0,1.0,0.0,0.7443609022556391,0.6411715599809698,0.7458680320956469,0.7443609022556391,0.7443609022556391,0.2556390977443609,0.2556390977443609,0.021634675274265276
parent_heldout_test,MST validation-selected,0.25,133,133,0,1.0,0.0,0.7443609022556391,0.6411715599809698,0.7458680320956469,0.7443609022556391,0.7443609022556391,0.2556390977443609,0.2556390977443609,0.021634675274265276
parent_heldout_test,MST validation-selected,0.3,133,133,0,1.0,0.0,0.7443609022556391,0.6411715599809698,0.7458680320956469,0.7443609022556391,0.7443609022556391,0.2556390977443609,0.2556390977443609,0.021634675274265276
parent_heldout_test,MST validation-selected,0.35,133,132,1,0.9924812030075187,0.007518796992481203,0.75,0.6457295020389118,0.7520309769800131,0.75,0.7443609022556391,0.25,0.24812030075187969,0.02098826286314698
parent_heldout_test,MST validation-selected,0.4,133,132,1,0.9924812030075187,0.007518796992481203,0.75,0.6457295020389118,0.7520309769800131,0.75,0.7443609022556391,0.25,0.24812030075187969,0.02098826286314698
parent_heldout_test,MST validation-selected,0.45,133,131,2,0.9849624060150376,0.015037593984962405,0.7557251908396947,0.6486599049693147,0.7554452447068689,0.7557251908396947,0.7443609022556391,0.24427480916030533,0.24060150375939848,0.02040989386372535
parent_heldout_test,MST validation-selected,0.5,133,130,3,0.9774436090225563,0.022556390977443608,0.7615384615384615,0.6499833127443354,0.7594035910888158,0.7615384615384615,0.7443609022556391,0.23846153846153847,0.23308270676691728,0.019831524864303722
parent_heldout_test,MST validation-selected,0.55,133,129,4,0.9699248120300752,0.03007518796992481,0.7674418604651163,0.6545764806457739,0.7637275448359866,0.7674418604651163,0.7443609022556391,0.23255813953488372,0.22556390977443608,0.019221024253803114
parent_heldout_test,MST validation-selected,0.6,133,126,7,0.9473684210526315,0.05263157894736842,0.7777777777777778,0.6610692140667602,0.7768526160139397,0.7777777777777778,0.7368421052631579,0.2222222222222222,0.21052631578947367,0.017868895540638238
parent_heldout_test,MST validation-selected,0.65,133,124,9,0.9323308270676691,0.06766917293233082,0.782258064516129,0.6619720910306452,0.7816212023165519,0.782258064516129,0.7293233082706767,0.21774193548387097,0.20300751879699247,0.01720576556716344
parent_heldout_test,MST validation-selected,0.7,133,123,10,0.924812030075188,0.07518796992481203,0.7886178861788617,0.663866748097716,0.7855728665430031,0.7886178861788617,0.7293233082706767,0.21138211382113822,0.19548872180451127,0.016627396567741808
parent_heldout_test,MST validation-selected,0.75,133,121,12,0.9097744360902256,0.09022556390977443,0.7933884297520661,0.6673117827447967,0.7911437153113883,0.7933884297520661,0.7218045112781954,0.2066115702479339,0.18796992481203006,0.01592168026569523
parent_heldout_test,MST validation-selected,0.8,133,119,14,0.8947368421052632,0.10526315789473684,0.8067226890756303,0.6770335243550831,0.801816241664439,0.8067226890756303,0.7218045112781954,0.19327731092436976,0.17293233082706766,0.014695795039810004
parent_heldout_test,MST validation-selected,0.85,133,116,17,0.8721804511278195,0.12781954887218044,0.8189655172413793,0.6838555887198422,0.8110872877480383,0.8189655172413793,0.7142857142857143,0.1810344827586207,0.15789473684210525,0.013471013629270081
parent_heldout_test,MST validation-selected,0.9,133,113,20,0.849624060150376,0.15037593984962405,0.8407079646017699,0.7011679771860767,0.8323836719203714,0.8407079646017699,0.7142857142857143,0.1592920353982301,0.13533834586466165,0.011529369066935864
parent_heldout_test,MST validation-selected,0.95,133,112,21,0.8421052631578947,0.15789473684210525,0.8392857142857143,0.6994197254378249,0.8306841754845957,0.8392857142857143,0.706766917293233,0.16071428571428573,0.13533834586466165,0.011529369066935864
parent_heldout_test,MST best-grid diagnostic,0.0,133,133,0,1.0,0.0,0.7669172932330827,0.641384872437504,0.7626077097505669,0.7669172932330827,0.7669172932330827,0.23308270676691728,0.23308270676691728,0.019949947276883127
parent_heldout_test,MST best-grid diagnostic,0.05,133,133,0,1.0,0.0,0.7669172932330827,0.641384872437504,0.7626077097505669,0.7669172932330827,0.7669172932330827,0.23308270676691728,0.23308270676691728,0.019949947276883127
parent_heldout_test,MST best-grid diagnostic,0.1,133,133,0,1.0,0.0,0.7669172932330827,0.641384872437504,0.7626077097505669,0.7669172932330827,0.7669172932330827,0.23308270676691728,0.23308270676691728,0.019949947276883127
parent_heldout_test,MST best-grid diagnostic,0.15,133,133,0,1.0,0.0,0.7669172932330827,0.641384872437504,0.7626077097505669,0.7669172932330827,0.7669172932330827,0.23308270676691728,0.23308270676691728,0.019949947276883127
parent_heldout_test,MST best-grid diagnostic,0.2,133,133,0,1.0,0.0,0.7669172932330827,0.641384872437504,0.7626077097505669,0.7669172932330827,0.7669172932330827,0.23308270676691728,0.23308270676691728,0.019949947276883127
parent_heldout_test,MST best-grid diagnostic,0.25,133,133,0,1.0,0.0,0.7669172932330827,0.641384872437504,0.7626077097505669,0.7669172932330827,0.7669172932330827,0.23308270676691728,0.23308270676691728,0.019949947276883127
parent_heldout_test,MST best-grid diagnostic,0.3,133,133,0,1.0,0.0,0.7669172932330827,0.641384872437504,0.7626077097505669,0.7669172932330827,0.7669172932330827,0.23308270676691728,0.23308270676691728,0.019949947276883127
parent_heldout_test,MST best-grid diagnostic,0.35,133,132,1,0.9924812030075187,0.007518796992481203,0.7727272727272727,0.6482224792751108,0.7717520442520442,0.7727272727272727,0.7669172932330827,0.22727272727272727,0.22556390977443608,0.019348985738421587
parent_heldout_test,MST best-grid diagnostic,0.4,133,131,2,0.9849624060150376,0.015037593984962405,0.7786259541984732,0.6513763462809703,0.7770540526807456,0.7786259541984732,0.7669172932330827,0.22137404580152673,0.21804511278195488,0.018685855764946784
parent_heldout_test,MST best-grid diagnostic,0.45,133,131,2,0.9849624060150376,0.015037593984962405,0.7786259541984732,0.6513763462809703,0.7770540526807456,0.7786259541984732,0.7669172932330827,0.22137404580152673,0.21804511278195488,0.018685855764946784
parent_heldout_test,MST best-grid diagnostic,0.5,133,129,4,0.9699248120300752,0.03007518796992481,0.7906976744186046,0.6587998329559128,0.7902382591716993,0.7906976744186046,0.7669172932330827,0.20930232558139536,0.20300751879699247,0.017359595817997182
parent_heldout_test,MST best-grid diagnostic,0.55,133,127,6,0.9548872180451128,0.045112781954887216,0.7952755905511811,0.6622856949200356,0.7945965805998388,0.7952755905511811,0.7593984962406015,0.2047244094488189,0.19548872180451127,0.016696465844522383
parent_heldout_test,MST best-grid diagnostic,0.6,133,127,6,0.9548872180451128,0.045112781954887216,0.7952755905511811,0.6622856949200356,0.7945965805998388,0.7952755905511811,0.7593984962406015,0.2047244094488189,0.19548872180451127,0.016696465844522383
parent_heldout_test,MST best-grid diagnostic,0.65,133,124,9,0.9323308270676691,0.06766917293233082,0.7983870967741935,0.6692134733995382,0.7984906068471139,0.7983870967741935,0.7443609022556391,0.20161290322580644,0.18796992481203006,0.016100162922638068
parent_heldout_test,MST best-grid diagnostic,0.7,133,122,11,0.9172932330827067,0.08270676691729323,0.8032786885245902,0.6819735891008304,0.802309819554524,0.8032786885245902,0.7368421052631579,0.19672131147540983,0.18045112781954886,0.015489662312137454
parent_heldout_test,MST best-grid diagnostic,0.75,133,121,12,0.9097744360902256,0.09022556390977443,0.8099173553719008,0.6856184699571057,0.8079946121301961,0.8099173553719008,0.7368421052631579,0.19008264462809918,0.17293233082706766,0.014843249901019161
parent_heldout_test,MST best-grid diagnostic,0.8,133,121,12,0.9097744360902256,0.09022556390977443,0.8099173553719008,0.6856184699571057,0.8079946121301961,0.8099173553719008,0.7368421052631579,0.19008264462809918,0.17293233082706766,0.014843249901019161
parent_heldout_test,MST best-grid diagnostic,0.85,133,117,16,0.8796992481203008,0.12030075187969924,0.8290598290598291,0.7057516720531726,0.8274975122637264,0.8290598290598291,0.7293233082706767,0.17094017094017094,0.15037593984962405,0.01288720456501628
parent_heldout_test,MST best-grid diagnostic,0.9,133,115,18,0.8646616541353384,0.13533834586466165,0.8434782608695652,0.7224688454445539,0.8402598609120348,0.8434782608695652,0.7293233082706767,0.1565217391304348,0.13533834586466165,0.011613573981040867
parent_heldout_test,MST best-grid diagnostic,0.95,133,109,24,0.8195488721804511,0.18045112781954886,0.8715596330275229,0.7315642204478977,0.8660416570071974,0.8715596330275229,0.7142857142857143,0.12844036697247707,0.10526315789473684,0.0090278337962762
sherloc_leave_one_target_out,SHERLOC MST zero-shot,0.0,696,696,0,1.0,0.0,0.5531609195402298,0.17260022944106207,0.5253641521078029,0.5531609195402298,0.5531609195402298,0.4468390804597701,0.4468390804597701,0.08885698787248053
sherloc_leave_one_target_out,SHERLOC MST zero-shot,0.05,696,696,0,1.0,0.0,0.5531609195402298,0.17260022944106207,0.5253641521078029,0.5531609195402298,0.5531609195402298,0.4468390804597701,0.4468390804597701,0.08885698787248053
sherloc_leave_one_target_out,SHERLOC MST zero-shot,0.1,696,696,0,1.0,0.0,0.5531609195402298,0.17260022944106207,0.5253641521078029,0.5531609195402298,0.5531609195402298,0.4468390804597701,0.4468390804597701,0.08885698787248053
sherloc_leave_one_target_out,SHERLOC MST zero-shot,0.15,696,696,0,1.0,0.0,0.5531609195402298,0.17260022944106207,0.5253641521078029,0.5531609195402298,0.5531609195402298,0.4468390804597701,0.4468390804597701,0.08885698787248053
sherloc_leave_one_target_out,SHERLOC MST zero-shot,0.2,696,696,0,1.0,0.0,0.5531609195402298,0.17260022944106207,0.5253641521078029,0.5531609195402298,0.5531609195402298,0.4468390804597701,0.4468390804597701,0.08885698787248053
sherloc_leave_one_target_out,SHERLOC MST zero-shot,0.25,696,696,0,1.0,0.0,0.5531609195402298,0.17260022944106207,0.5253641521078029,0.5531609195402298,0.5531609195402298,0.4468390804597701,0.4468390804597701,0.08885698787248053
sherloc_leave_one_target_out,SHERLOC MST zero-shot,0.3,696,690,6,0.9913793103448276,0.008620689655172414,0.5565217391304348,0.17405190095320272,0.5299593607637435,0.5565217391304348,0.5517241379310345,0.4434782608695652,0.4396551724137931,0.08721156341539077
sherloc_leave_one_target_out,SHERLOC MST zero-shot,0.35,696,679,17,0.9755747126436781,0.02442528735632184,0.5640648011782032,0.17592192855350752,0.5370621628896182,0.5640648011782032,0.5502873563218391,0.43593519882179677,0.42528735632183906,0.08446978777407287
sherloc_leave_one_target_out,SHERLOC MST zero-shot,0.4,696,662,34,0.9511494252873564,0.04885057471264368,0.5740181268882175,0.17674739549912613,0.5448137897785312,0.5740181268882175,0.5459770114942529,0.4259818731117825,0.4051724137931034,0.0810294016991454
sherloc_leave_one_target_out,SHERLOC MST zero-shot,0.45,696,629,67,0.9037356321839081,0.09626436781609195,0.5914149443561209,0.17793300360310052,0.5583311870327335,0.5914149443561209,0.5344827586206896,0.40858505564387915,0.3692528735632184,0.07483333653121285
sherloc_leave_one_target_out,SHERLOC MST zero-shot,0.5,696,600,96,0.8620689655172413,0.13793103448275862,0.605,0.1724282137588978,0.5653397638533756,0.605,0.521551724137931,0.395,0.34051724137931033,0.07011744743472151
sherloc_leave_one_target_out,SHERLOC MST zero-shot,0.55,696,575,121,0.8261494252873564,0.17385057471264367,0.6156521739130435,0.1752064287253363,0.5731567248973167,0.6156521739130435,0.5086206896551724,0.3843478260869565,0.3175287356321839,0.065865106603048
sherloc_leave_one_target_out,SHERLOC MST zero-shot,0.6,696,545,151,0.7830459770114943,0.21695402298850575,0.6201834862385321,0.17222431166417884,0.5706858235906462,0.6201834862385321,0.48563218390804597,0.3798165137614679,0.2974137931034483,0.06255974493025504
sherloc_leave_one_target_out,SHERLOC MST zero-shot,0.65,696,510,186,0.7327586206896551,0.2672413793103448,0.6294117647058823,0.16599987187625553,0.5743791635815272,0.6294117647058823,0.46120689655172414,0.37058823529411766,0.27155172413793105,0.05737027927078899
sherloc_leave_one_target_out,SHERLOC MST zero-shot,0.7,696,472,224,0.6781609195402298,0.3218390804597701,0.6334745762711864,0.16202389445393467,0.5786725033808674,0.6334745762711864,0.4295977011494253,0.3665254237288136,0.24856321839080459,0.05250276281963514
sherloc_leave_one_target_out,SHERLOC MST zero-shot,0.75,696,418,278,0.6005747126436781,0.3994252873563218,0.638755980861244,0.16868118791007086,0.5878506563647652,0.638755980861244,0.38362068965517243,0.361244019138756,0.21695402298850575,0.045290773227738314
sherloc_leave_one_target_out,SHERLOC MST zero-shot,0.8,696,363,333,0.521551724137931,0.47844827586206895,0.6253443526170799,0.170871924246983,0.570122399318244,0.6253443526170799,0.3261494252873563,0.3746556473829201,0.19540229885057472,0.041336034540163914
sherloc_leave_one_target_out,SHERLOC MST zero-shot,0.85,696,295,401,0.4238505747126437,0.5761494252873564,0.6067796610169491,0.14473920218108768,0.5491727286214252,0.6067796610169491,0.257183908045977,0.39322033898305087,0.16666666666666666,0.03508198529229934
sherloc_leave_one_target_out,SHERLOC MST zero-shot,0.9,696,234,462,0.33620689655172414,0.6637931034482759,0.6153846153846154,0.14742742722393887,0.5643118145354281,0.6153846153846154,0.20689655172413793,0.38461538461538464,0.12931034482758622,0.02683663035529544
sherloc_leave_one_target_out,SHERLOC MST zero-shot,0.95,696,138,558,0.19827586206896552,0.8017241379310345,0.6884057971014492,0.1614522417153996,0.6425488035709241,0.6884057971014492,0.13649425287356323,0.3115942028985507,0.0617816091954023,0.012649632599402418
sherloc_leave_one_target_out,SHERLOC MST adapted,0.0,696,696,0,1.0,0.0,0.7097701149425287,0.2691168236164004,0.6870856370033199,0.7097701149425287,0.7097701149425287,0.29022988505747127,0.29022988505747127,0.05949102888084671
sherloc_leave_one_target_out,SHERLOC MST adapted,0.05,696,696,0,1.0,0.0,0.7097701149425287,0.2691168236164004,0.6870856370033199,0.7097701149425287,0.7097701149425287,0.29022988505747127,0.29022988505747127,0.05949102888084671
sherloc_leave_one_target_out,SHERLOC MST adapted,0.1,696,696,0,1.0,0.0,0.7097701149425287,0.2691168236164004,0.6870856370033199,0.7097701149425287,0.7097701149425287,0.29022988505747127,0.29022988505747127,0.05949102888084671
sherloc_leave_one_target_out,SHERLOC MST adapted,0.15,696,696,0,1.0,0.0,0.7097701149425287,0.2691168236164004,0.6870856370033199,0.7097701149425287,0.7097701149425287,0.29022988505747127,0.29022988505747127,0.05949102888084671
sherloc_leave_one_target_out,SHERLOC MST adapted,0.2,696,696,0,1.0,0.0,0.7097701149425287,0.2691168236164004,0.6870856370033199,0.7097701149425287,0.7097701149425287,0.29022988505747127,0.29022988505747127,0.05949102888084671
sherloc_leave_one_target_out,SHERLOC MST adapted,0.25,696,696,0,1.0,0.0,0.7097701149425287,0.2691168236164004,0.6870856370033199,0.7097701149425287,0.7097701149425287,0.29022988505747127,0.29022988505747127,0.05949102888084671
sherloc_leave_one_target_out,SHERLOC MST adapted,0.3,696,693,3,0.9956896551724138,0.004310344827586207,0.7113997113997114,0.26989375323206427,0.689149180712767,0.7113997113997114,0.7083333333333334,0.2886002886002886,0.28735632183908044,0.058876545074954316
sherloc_leave_one_target_out,SHERLOC MST adapted,0.35,696,677,19,0.9727011494252874,0.027298850574712645,0.7193500738552437,0.2699174889431815,0.6989259116334522,0.7193500738552437,0.6997126436781609,0.28064992614475626,0.27298850574712646,0.05579368243296644
sherloc_leave_one_target_out,SHERLOC MST adapted,0.4,696,641,55,0.9209770114942529,0.07902298850574713,0.734789391575663,0.2624307669574294,0.7165647668491639,0.734789391575663,0.6767241379310345,0.26521060842433697,0.2442528735632184,0.04928270363548701
sherloc_leave_one_target_out,SHERLOC MST adapted,0.45,696,620,76,0.8908045977011494,0.10919540229885058,0.7467741935483871,0.2639410190663256,0.7278881577469524,0.7467741935483871,0.6652298850574713,0.2532258064516129,0.22557471264367815,0.045490880373951895
sherloc_leave_one_target_out,SHERLOC MST adapted,0.5,696,586,110,0.8419540229885057,0.15804597701149425,0.7593856655290102,0.26062327296278454,0.7406670049259669,0.7593856655290102,0.639367816091954,0.24061433447098976,0.2025862068965517,0.041551393634289085
sherloc_leave_one_target_out,SHERLOC MST adapted,0.55,696,552,144,0.7931034482758621,0.20689655172413793,0.7807971014492754,0.2522715552974775,0.7621940840561608,0.7807971014492754,0.6192528735632183,0.21920289855072464,0.17385057471264367,0.035744650318463675
sherloc_leave_one_target_out,SHERLOC MST adapted,0.6,696,505,191,0.7255747126436781,0.2744252873563218,0.7940594059405941,0.24747892299351393,0.7753311114973284,0.7940594059405941,0.5761494252873564,0.20594059405940593,0.14942528735632185,0.031066726701845744
sherloc_leave_one_target_out,SHERLOC MST adapted,0.65,696,463,233,0.6652298850574713,0.33477011494252873,0.8185745140388769,0.25207111296277773,0.8016913579696868,0.8185745140388769,0.5445402298850575,0.18142548596112312,0.1206896551724138,0.02519165061194241
sherloc_leave_one_target_out,SHERLOC MST adapted,0.7,696,414,282,0.5948275862068966,0.4051724137931034,0.8333333333333334,0.24118953447076394,0.8174879410370951,0.8333333333333334,0.4956896551724138,0.16666666666666666,0.09913793103448276,0.020432032675287037
sherloc_leave_one_target_out,SHERLOC MST adapted,0.75,696,367,329,0.5272988505747126,0.47270114942528735,0.8528610354223434,0.22912959620737428,0.8316269955321163,0.8528610354223434,0.44971264367816094,0.14713896457765668,0.07758620689655173,0.01685842586432099
sherloc_leave_one_target_out,SHERLOC MST adapted,0.8,696,297,399,0.4267241379310345,0.5732758620689655,0.8552188552188552,0.21711827956989246,0.8320156402737048,0.8552188552188552,0.3649425287356322,0.1447811447811448,0.0617816091954023,0.013514874586590248
sherloc_leave_one_target_out,SHERLOC MST adapted,0.85,696,167,529,0.23994252873563218,0.7600574712643678,0.8263473053892215,0.22660818713450293,0.8026353308420752,0.8263473053892215,0.19827586206896552,0.17365269461077845,0.041666666666666664,0.009005501673151832
sherloc_leave_one_target_out,SHERLOC MST adapted,0.9,696,71,625,0.10201149425287356,0.8979885057471264,0.7746478873239436,0.21817311041448972,0.737417889433431,0.7746478873239436,0.07902298850574713,0.22535211267605634,0.022988505747126436,0.0048332075252583906
sherloc_leave_one_target_out,SHERLOC MST adapted,0.95,696,25,671,0.035919540229885055,0.9640804597701149,0.88,0.11702127659574468,0.8238297872340425,0.88,0.031609195402298854,0.12,0.004310344827586207,0.0011867088607594937
