wavenumber_cm-1,intensity
55.45154,0.0
55.93365,0.0
56.41577,0.0
56.89789,0.0
57.38,0.0
57.86212,0.0
58.34424,0.0
58.82635,0.0
59.30847,0.0
59.79059,0.0
60.27271,0.0
60.75482,0.0
61.23694,0.0
61.71906,0.0
62.20117,0.0
62.68329,0.0
63.16541,0.0
63.64752,0.0
64.12964,0.0
64.61176,0.0
65.09387,0.0
65.57599,0.0
66.05811,0.0
66.54022,0.0
67.02234,0.0
67.50446,0.0
67.98657,0.0
68.46869,0.0
68.95081,0.0
69.43292,0.0
69.91504,0.0
70.39716,0.0
70.87927,0.0
71.36139,0.0
71.84351,0.0
72.32562,0.0
72.80774,0.0
73.28986,0.0
73.77197,0.0
74.25409,0.0
74.73621,0.0
75.21832,0.0
75.70044,0.0
76.18256,0.0
76.66467,0.0
77.14679,0.0
77.62891,0.0
78.11102,0.0
78.59314,0.0
79.07526,0.0
79.55737,0.0
80.03949,0.0
80.52161,0.0
81.00372,0.0
81.48584,0.0
81.96796,0.0
82.45007,0.0
82.93219,0.0
83.41431,0.0
83.89642,0.0
84.37854,0.0
84.86066,0.0
85.34277,0.0
85.82489,0.0
86.30701,0.0
86.78912,0.0
87.27124,0.0
87.75336,0.0
88.23547,0.0
88.71759,0.0
89.19971,0.0
89.68182,0.0
90.16394,0.0
90.64606,0.0
91.12817,0.0
91.61029,0.0
92.09241,0.0
92.57452,0.0
93.05664,0.0
93.53876,0.0
94.02087,0.0
94.50299,0.0
94.98511,0.0
95.46722,0.0
95.94934,0.0
96.43146,0.0
96.91357,0.0
97.39569,0.0
97.87781,0.0
98.35992,0.0
98.84204,0.0
99.32416,0.0
99.80627,0.0
100.2884,0.0
100.7705,0.0
101.2526,0.0
101.7347,0.0
102.2169,0.0
102.699,0.0
103.1811,0.0
103.6632,0.0
104.1453,0.0
104.6274,0.0
105.1096,0.0
105.5917,0.0
106.0738,0.0
106.5559,0.0
107.038,0.0
107.5201,0.0
108.0023,0.0
108.4844,0.0
108.9665,0.0
109.4486,0.0
109.9307,0.0
110.4128,0.0
110.895,0.0
111.3771,0.0
111.8592,0.0
112.3413,0.0
112.8234,0.0
113.3055,0.0
113.7877,0.0
114.2698,0.0
114.7519,0.0
115.234,0.0
115.7161,0.0
116.1982,0.0
116.6804,0.0
117.1625,0.0
117.6446,0.0
118.1267,0.0
118.6088,0.0
119.0909,0.0
119.5731,0.0
120.0552,0.0
120.5373,0.0
121.0194,0.0
121.5015,0.0
121.9836,0.0
122.4658,0.0
122.9479,0.0
123.43,0.0
123.9121,0.0
124.3942,0.0
124.8763,0.0
125.3585,0.0
125.8406,0.0
126.3227,0.0
126.8048,0.0
127.2869,0.0
127.769,0.0
128.2512,0.0
128.7333,0.0
129.2154,0.0
129.6975,0.0
130.1796,0.0
130.6617,0.0
131.1439,0.0
131.626,0.0
132.1081,0.0
132.5902,0.0
133.0723,0.0
133.5544,0.0
134.0366,0.0
134.5187,0.0
135.0008,0.0
135.4829,0.0
135.965,0.0
136.4471,0.0
136.9293,0.0
137.4114,0.0
137.8935,0.0
138.3756,0.0
138.8577,0.0
139.3398,0.0
139.822,0.0
140.3041,0.0
140.7862,0.0
141.2683,0.0
141.7504,0.0
142.2325,0.0
142.7147,0.0
143.1968,0.0
143.6789,0.0
144.161,0.00018006947210939304
144.6431,0.0004918233482868659
145.1252,0.0007634283618021069
145.6074,0.0009166677712978624
146.0895,0.0009648035264397412
146.5716,0.001004392369896089
147.0537,0.0011058490442124775
147.5358,0.0012752919574554003
148.0179,0.0014700808746026977
148.5001,0.0017279737444007548
148.9822,0.0019828385877898144
149.4643,0.0021813763501417256
149.9464,0.0023237127790853426
150.4285,0.0024523937989211816
150.9106,0.002598145056837356
151.3928,0.002761294943707208
151.8749,0.0029345692104452235
152.357,0.0031815512332226915
152.8391,0.003399560213852441
153.3212,0.0034582390869589345
153.8033,0.003342985409141347
154.2855,0.0032338995349537186
154.7676,0.0033027796784704626
155.2497,0.0035061547677379947
155.7318,0.003654263771586844
156.2139,0.0036494872338912717
156.696,0.003608915845182582
157.1782,0.003683460801445194
157.6603,0.0038951077158691835
158.1424,0.004118543467961586
158.6245,0.004261174577137473
159.1066,0.004341037968910779
159.5887,0.0043908280267838835
160.0709,0.00434212458450215
160.553,0.0042958120135787176
161.0351,0.004408448372605029
161.5172,0.004705194976192354
161.9993,0.0050780228223137715
162.4814,0.0055641099833630345
162.9636,0.0060707905881752676
163.4457,0.006408625220973657
163.9278,0.006371783002220664
164.4099,0.0061619041843991845
164.892,0.00615757558185855
165.3741,0.006416464271269123
165.8563,0.00672123347646121
166.3384,0.0069457969893638215
166.8205,0.007121385727903917
167.3026,0.007297732879293773
167.7847,0.007497005392732544
168.2668,0.007709854717937512
168.749,0.00792224656746923
169.2311,0.008146747192966462
169.7132,0.008342357298197411
170.1953,0.008494997078343688
170.6774,0.008607660898817407
171.1595,0.008674175336964454
171.6417,0.008653462515693105
172.1238,0.00860058350641157
172.6059,0.008678041911901796
173.088,0.008979032443599174
173.5701,0.009221161293615287
174.0522,0.009209268141966693
174.5344,0.00907987792864461
175.0165,0.009035109627833288
175.4986,0.009205310825626754
175.9807,0.009503747095022054
176.4628,0.009690963513771461
176.9449,0.009724402368734253
177.4271,0.00971721133955319
177.9092,0.009665126084996896
178.3913,0.009616325984707678
178.8734,0.00965117163275088
179.3555,0.009842466976620327
179.8376,0.010112311360240153
180.3197,0.010218510920821624
180.8019,0.010057895990877249
181.284,0.009910474369453894
181.7661,0.009834163029611449
182.2482,0.00982817211905616
182.7303,0.009908754518817583
183.2124,0.010104140571573734
183.6946,0.010358315980436282
184.1767,0.010499045036943922
184.6588,0.010434876188921865
185.1409,0.010414408569003655
185.623,0.010550622492102394
186.1051,0.010743045602762685
186.5873,0.010872754432926353
187.0694,0.01087869380655035
187.5515,0.010806854339577166
188.0336,0.010777250354908986
188.5157,0.010801364182905662
188.9978,0.010853727999110592
189.48,0.010952023495928309
189.9621,0.011060462891932042
190.4442,0.011127892839938563
190.9263,0.011125155608507046
191.4084,0.01110684924624111
191.8905,0.011207091458541749
192.3727,0.011469161449290773
192.8548,0.011786239725654925
193.3369,0.012216962419060295
193.819,0.012649374843691635
194.3011,0.012964044259430211
194.7832,0.0131122709673884
195.2654,0.013165344465553962
195.7475,0.01329079120117847
196.2296,0.013608545354919994
196.7117,0.013764423011653943
197.1938,0.013520379980343802
197.6759,0.013226485870882565
198.1581,0.013230392042353167
198.6402,0.01364228793330572
199.1223,0.014233971494077385
199.6044,0.01455933336323693
200.0865,0.014404484683328273
200.5686,0.014410903405276381
201.0508,0.01468862110515349
201.5329,0.015083383868083554
202.015,0.01552205612862776
202.4971,0.01597238361998472
202.9792,0.016368030538319856
203.4613,0.016573998944830186
203.9435,0.016438973626857614
204.4256,0.0164572126088833
204.9077,0.016709872675852337
205.3898,0.017055766747854
205.8719,0.017443255775176195
206.354,0.017843516043517235
206.8362,0.018200910577102734
207.3183,0.018419885986937966
207.8004,0.018407277487632358
208.2825,0.018490724455781836
208.7646,0.01868512012617894
209.2467,0.01895158883344037
209.7289,0.019293532123317737
210.211,0.019696625625886605
210.6931,0.020118824906277907
211.1752,0.020509355429727903
211.6573,0.020852518390696698
212.1395,0.021213964348981398
212.6216,0.021657045586472076
213.1037,0.0220622060520993
213.5858,0.022338211911515138
214.0679,0.022504585484099386
214.55,0.022659826459379757
215.0322,0.022893630711336987
215.5143,0.023206684957386918
215.9964,0.02359521528550707
216.4785,0.024203489592515115
216.9606,0.02475472162884689
217.4427,0.0250793092800838
217.9249,0.025242671278389108
218.407,0.025448745715599432
218.8891,0.025881664943114557
219.3712,0.026549543612609063
219.8533,0.02714893697720147
220.3354,0.027704059314673235
220.8176,0.028160036041512324
221.2997,0.02836760371822435
221.7818,0.028463236354651363
222.2639,0.028722635627058634
222.746,0.029366213551149132
223.2281,0.030349215759890552
223.7103,0.031129232333637045
224.1924,0.031457694553062285
224.6745,0.03184551358038387
225.1566,0.0324975362326205
225.6387,0.0332578865349658
226.1208,0.03388259443937346
226.603,0.034219763226999635
227.0851,0.034336517510815796
227.5672,0.034508726496420394
228.0493,0.03472499430494838
228.5314,0.03502611032350973
229.0135,0.03541238892117657
229.4957,0.03588103863979864
229.9778,0.036448134465088745
230.4599,0.0371241670305648
230.942,0.037857501216128076
231.4241,0.03851315480142923
231.9062,0.03897292501534424
232.3884,0.03956269327442185
232.8705,0.04043925400073393
233.3526,0.04137818554842146
233.8347,0.04219931514301521
234.3168,0.04283929741647931
234.7989,0.043356605016231474
235.2811,0.04381104524516783
235.7632,0.04409215949835183
236.2453,0.044588545830372556
236.7274,0.04551067433502658
237.2095,0.04651081352239495
237.6916,0.04739409386388593
238.1738,0.04810958616651339
238.6559,0.04869332779340036
239.138,0.04914307745997841
239.6201,0.049376824134553486
240.1022,0.04978902241039108
240.5843,0.05057536703489728
241.0665,0.051393390806590104
241.5486,0.052096050380649225
242.0307,0.05267391328975948
242.5128,0.05318725980350339
242.9949,0.05366457961904347
243.477,0.054095223484061046
243.9592,0.05463311297175892
244.4413,0.055480350868503475
244.9234,0.0562487685770994
245.4055,0.05679619268467215
245.8876,0.05714580791029191
246.3697,0.05736524290060244
246.8519,0.057424513331384035
247.334,0.05737266352744897
247.8161,0.05767020350775162
248.2982,0.05863873283308943
248.7803,0.05954046658728789
249.2624,0.06016729244459147
249.7446,0.06056015561246008
250.2267,0.06076244175285065
250.7088,0.06073988327108433
251.1909,0.060607775024367865
251.673,0.06073239627787635
252.1551,0.06128582480247148
252.6373,0.0617471889873465
253.1194,0.06190924373213921
253.6015,0.06192084143646977
254.0836,0.06190985172043042
254.5657,0.061903388916493086
255.0478,0.061963423028003034
255.53,0.06225122404433797
256.0121,0.06286751064787234
256.4942,0.0633239091387804
256.9763,0.06330534311451157
257.4584,0.06317152938586006
257.9406,0.06319683222405409
258.4227,0.06344259556888528
258.9048,0.06372212214952737
259.3869,0.06381747560672046
259.869,0.06371836035335204
260.3511,0.06368240184403944
260.8333,0.06382654404691601
261.3154,0.06398826080672008
261.7975,0.06402824600002864
262.2796,0.06395078290544957
262.7617,0.06389568716781635
263.2438,0.06395074635052364
263.726,0.06411049697401933
264.2081,0.06437340912455378
264.6902,0.06486483615108876
265.1723,0.06525838436447672
265.6544,0.06522530230752903
266.1365,0.06488850828745178
266.6187,0.06465648431020943
267.1008,0.06476312358139298
267.5829,0.0650969809561545
268.065,0.06545143736183111
268.5471,0.06584425465099861
269.0292,0.06618202591309794
269.5114,0.06637763032164595
269.9935,0.06647362818614665
270.4756,0.06652397179960931
270.9577,0.06648311694270786
271.4398,0.06645071861131019
271.9219,0.06661036834354502
272.4041,0.06697184958919425
272.8862,0.06716507393488957
273.3683,0.0668410511252054
273.8504,0.06631053498795043
274.3325,0.06615687663261126
274.8146,0.06648295333804513
275.2968,0.06705070784656537
275.7789,0.0679258458514985
276.261,0.06897495569841616
276.7431,0.0696098921494817
277.2252,0.06950878057095948
277.7073,0.06904740989245682
278.1895,0.06881647833249002
278.6716,0.0688018418205056
279.1537,0.06897999999870001
279.6358,0.06960390208174254
280.1179,0.07035788222507229
280.6,0.07059830904962018
281.0822,0.07012374931416047
281.5643,0.06950678950559497
282.0464,0.0694734637361442
282.5285,0.07008075140013326
283.0106,0.07054092219505162
283.4927,0.07063678638818578
283.9749,0.07063099809083254
284.457,0.07085836286339826
284.9391,0.07131062726763494
285.4212,0.07156134965718701
285.9033,0.07119886373208936
286.3854,0.07023311141424837
286.8676,0.06955226268602648
287.3497,0.0692241451537597
287.8318,0.06908336014904337
288.3139,0.06915250294893739
288.796,0.06935376720808759
289.2781,0.06951786518114743
289.7603,0.06956093768920622
290.2424,0.06948035435075019
290.7245,0.06925450106152228
291.2066,0.068523032272584
291.6887,0.06809737385525826
292.1708,0.06853325173681751
292.653,0.06918754416879543
293.1351,0.06912995691437535
293.6172,0.06804855604095895
294.0993,0.06656194129024635
294.5814,0.06577005074951536
295.0635,0.0660402639756936
295.5457,0.06637508669352525
296.0278,0.06708374260194407
296.5099,0.06763113503304598
296.992,0.06748947761084484
297.4741,0.06669527644384267
297.9562,0.06580909088379608
298.4384,0.06544735818545161
298.9205,0.06573445301376885
299.4026,0.06567099488720791
299.8847,0.06484260607255654
300.3668,0.06408841621561982
300.8489,0.06377218962899578
301.3311,0.0637551704736652
301.8131,0.06369587891443042
302.2953,0.06335672576906558
302.7774,0.06280746523997482
303.2595,0.0624155149920453
303.7416,0.062341556917273666
304.2237,0.062189957538373926
304.7058,0.0619231104550915
305.188,0.06152836113550647
305.6701,0.06094433137344627
306.1522,0.060140958447991624
306.6343,0.059287765881293086
307.1164,0.058643400827452424
307.5985,0.05821611547461328
308.0807,0.057978676434913716
308.5628,0.05819881060501909
309.0449,0.05842162476892768
309.527,0.05834520672898465
310.0091,0.05795525269240775
310.4912,0.05749359106793933
310.9734,0.05720731478907055
311.4555,0.05706766140174953
311.9376,0.05672084665257938
312.4197,0.055926496089776415
312.9018,0.05524485469602505
313.3839,0.0551899159042714
313.8661,0.05552130411530057
314.3482,0.05559979141354534
314.8303,0.05481679742241918
315.3124,0.053745416960430205
315.7945,0.053547518822067486
316.2766,0.05439506288979065
316.7588,0.05510574524176893
317.2409,0.054935849522526274
317.723,0.05424823509429593
318.2051,0.05363395510883186
318.6872,0.05316519656432384
319.1693,0.052775902659488796
319.6515,0.052386261818263356
320.1336,0.0520266522096211
320.6157,0.05186258802053889
321.0978,0.05202779399507755
321.5799,0.05229270211830808
322.062,0.05223597924129718
322.5442,0.05179353225136678
323.0263,0.05149586119557161
323.5084,0.0516510859410157
323.9905,0.051966489585404264
324.4726,0.052068640967171065
324.9547,0.05189509852936262
325.4369,0.05157027272396022
325.919,0.05117173633777854
326.4011,0.05068828886267554
326.8832,0.05036399858703257
327.3653,0.050246060167804404
327.8474,0.05023442564778302
328.3296,0.05035027454466473
328.8117,0.05053572585174978
329.2938,0.050637995099810255
329.7759,0.05056112112957597
330.258,0.05034447866733222
330.7401,0.05016839767208436
331.2223,0.04994434286513082
331.7044,0.049871744305760204
332.1865,0.05012311093191812
332.6686,0.050467067106510784
333.1507,0.050633844869509545
333.6328,0.05054878156628156
334.115,0.05036913924618182
334.5971,0.050346886880123204
335.0792,0.05060757453567906
335.5613,0.05067972719691003
336.0434,0.050390166801201904
336.5255,0.05008862894130854
337.0077,0.04998707589491542
337.4898,0.05004515267242398
337.9719,0.05006924615069762
338.454,0.0498753718302674
338.9361,0.049505773055201915
339.4182,0.049367518477786226
339.9004,0.049727663565376466
340.3825,0.049920926889540335
340.8646,0.04964492363795981
341.3467,0.04915012736886108
341.8288,0.04876128133376298
342.3109,0.048610695615901714
342.7931,0.04854904385636468
343.2752,0.048271901005843484
343.7573,0.047703227993738065
344.2394,0.04748418054267448
344.7215,0.04817555378121338
345.2036,0.04894678462076543
345.6858,0.04906444897616355
346.1679,0.04850937241537394
346.65,0.04794259346333721
347.1321,0.04785743578650636
347.6142,0.04807769551994787
348.0963,0.048072796262160385
348.5785,0.047711959449044286
349.0606,0.047375337942892615
349.5427,0.047502968820711186
350.0248,0.047913107462670045
350.5069,0.04805097104871316
350.989,0.047543049825006255
351.4712,0.046947072801345
351.9533,0.04673730706143698
352.4354,0.04685618274700553
352.9175,0.04698563694931478
353.3996,0.04696341593100733
353.8817,0.04687439934156053
354.3639,0.04698528903201647
354.846,0.0475162239678361
355.3281,0.0477555501498035
355.8102,0.04724688227744189
356.2923,0.04649745484864642
356.7744,0.046178485128566316
357.2566,0.046410964913086
357.7387,0.04674106515357914
358.2208,0.04663604715878891
358.7029,0.04597032048439608
359.185,0.045569732682907885
359.6671,0.04571049628033185
360.1493,0.04580305038703025
360.6314,0.04547699162733862
361.1135,0.044899170393688265
361.5956,0.0444913127963527
362.0777,0.04452279383402042
362.5598,0.04482911988969505
363.042,0.044772945984552316
363.5241,0.043883113435750534
364.0062,0.04340126120700624
364.4883,0.04391801019259923
364.9704,0.04457961258486996
365.4525,0.044573660109145076
365.9347,0.04377122117829435
366.4168,0.04279710626766134
366.8989,0.0423777820337744
367.381,0.042547082448022404
367.8631,0.042658271736748875
368.3452,0.04266175817882399
368.8274,0.04263263572471369
369.3095,0.0425778224189169
369.7916,0.0425222310471298
370.2737,0.04253549435883101
370.7558,0.04274795763055588
371.2379,0.04296793432056807
371.7201,0.04283645329275701
372.2022,0.04232447660943898
372.6843,0.041731675635137425
373.1664,0.04105828614665644
373.6485,0.040460746053518855
374.1306,0.040195462630187445
374.6128,0.04037046000699146
375.0949,0.04051709437543898
375.577,0.04029623915524688
376.0591,0.039891918142018104
376.5412,0.039709903215615135
377.0233,0.03985511505386414
377.5055,0.040051065125513645
377.9876,0.040032113430848164
378.4697,0.03977291302949104
378.9518,0.039415873111120915
379.4339,0.03875771477446636
379.916,0.03818684100815422
380.3982,0.03801274724117722
380.8803,0.038128864204765
381.3624,0.03822927057143591
381.8445,0.0381508873850182
382.3266,0.037934700513291904
382.8087,0.037701899233566316
383.2909,0.03753606551014721
383.773,0.03723431523023104
384.2551,0.03656350351631455
384.7372,0.03590641400986014
385.2193,0.03564166496212432
385.7014,0.035786507375940704
386.1836,0.03600857364682049
386.6657,0.03594795229087022
387.1478,0.03558625181276956
387.6299,0.03530531274676444
388.112,0.03523493022351397
388.5941,0.035090953897939155
389.0763,0.03464106413253763
389.5584,0.03409258911839863
390.0405,0.03380720957819538
390.5226,0.03398824370933332
391.0047,0.034342149390703326
391.4868,0.03437800002002746
391.969,0.034057520279359134
392.4511,0.03378113954279166
392.9332,0.03364949432449988
393.4153,0.03361102809665311
393.8974,0.03369450562935201
394.3795,0.03389277502620543
394.8617,0.03388431444504862
395.3438,0.03329027160672126
395.8259,0.0324651753570623
396.308,0.032050731564574
396.7901,0.03212254599110562
397.2722,0.032228359430252214
397.7544,0.031992499976951645
398.2365,0.031529698353424264
398.7186,0.031424825564056555
399.2007,0.032069793742243106
399.6828,0.0326263731236478
400.1649,0.03276705007930358
400.6471,0.03260707931620467
401.1292,0.03228702481551752
401.6113,0.03185003680629837
402.0934,0.03140918991418194
402.5755,0.031133677573793074
403.0576,0.03109161570383732
403.5398,0.031018410800836036
404.0219,0.030926155975456143
404.504,0.030795921434011768
404.9861,0.030569647138492372
405.4682,0.030295628037605212
405.9503,0.030097509417035657
406.4325,0.030066186329857466
406.9146,0.03013915208636229
407.3967,0.030087619828536784
407.8788,0.02984207469530436
408.3609,0.029613352234507968
408.843,0.02940852182065731
409.3252,0.02925541215112022
409.8073,0.029211200752007945
410.2894,0.02927370979112305
410.7715,0.029318095450692604
411.2536,0.02917911748717393
411.7357,0.02891156650022733
412.2179,0.028840259589061487
412.7,0.02908219476504533
413.1821,0.029289348930273705
413.6642,0.0291538918893088
414.1463,0.02881534063636559
414.6284,0.02853750190794231
415.1106,0.02835181573567982
415.5927,0.028259097161554707
416.0748,0.028339886735032745
416.5569,0.028523793291248767
417.039,0.02857313023398582
417.5211,0.02838913066000487
418.0033,0.028106265144505104
418.4854,0.027913125286307863
418.9675,0.027818202182936656
419.4496,0.027804225183490877
419.9317,0.027963992108452355
420.4138,0.028129048290515785
420.896,0.028183878028494428
421.3781,0.028140888684786283
421.8602,0.028067967473260395
422.3423,0.02800525932442884
422.8244,0.02795421819525023
423.3065,0.02792447163855882
423.7887,0.02796245512007172
424.2708,0.0279464700660693
424.7529,0.027794280679412798
425.235,0.027634758631611894
425.7171,0.027610977217010124
426.1992,0.027722449163545684
426.6814,0.02780512413446391
427.1635,0.027651960192629593
427.6456,0.027291332308714254
428.1277,0.027080882457635992
428.6098,0.027055556691376388
429.0919,0.0271168003058201
429.5741,0.027263634070935818
430.0562,0.027448656574476708
430.5383,0.027613626258291807
431.0204,0.02777577054753428
431.5025,0.02784849255167026
431.9846,0.027738471811635478
432.4668,0.027475710179236296
432.9489,0.02713416054374121
433.431,0.026698256958320444
433.9131,0.026304903224276827
434.3952,0.026114580823323547
434.8773,0.026142752784196397
435.3595,0.026279420631816777
435.8416,0.02664860444024777
436.3237,0.027009056645163346
436.8058,0.02725455979631479
437.2879,0.027370389632285816
437.7701,0.02733568703655138
438.2522,0.02713329284619317
438.7343,0.02681438954555034
439.2164,0.02648438115489745
439.6985,0.025918721705232926
440.1806,0.02576846561534176
440.6628,0.026428412565658553
441.1449,0.027137688670910404
441.627,0.027386146869231583
442.1091,0.027205078672140053
442.5912,0.02694259674205474
443.0733,0.0268570810193661
443.5555,0.026894954445923124
444.0376,0.026832446606257734
444.5197,0.026615646423450108
445.0018,0.026449542180601405
445.4839,0.026440736430073723
445.966,0.02650795297787911
446.4482,0.02659806668118618
446.9303,0.02671422656046623
447.4124,0.026774086866002952
447.8945,0.026673076655562927
448.3766,0.02649033048383018
448.8587,0.026403824471382398
449.3409,0.02644243272802048
449.823,0.026502442347812277
450.3051,0.02653268514354921
450.7872,0.02651715972945944
451.2693,0.026352324722020815
451.7514,0.025772023475920874
452.2336,0.025362408235305063
452.7157,0.025418955852098985
453.1978,0.025725454385999887
453.6799,0.026031359545740346
454.162,0.02624904095246183
454.6441,0.02633131573804978
455.1263,0.026174201732362904
455.6084,0.025692561272905336
456.0905,0.02545555103400881
456.5726,0.025807094710205994
457.0547,0.026058786907328487
457.5368,0.02588368771996587
458.019,0.025499013727985773
458.5011,0.02529132625323876
458.9832,0.025450660738063013
459.4653,0.02570895074503282
459.9474,0.0256399550380761
460.4295,0.025237570927579958
460.9117,0.02494455909399604
461.3938,0.024867413362863498
461.8759,0.02489538478769042
462.358,0.024938893901371002
462.8401,0.02499883272614744
463.3222,0.02508641637866826
463.8044,0.025277611504632806
464.2865,0.025441032762749723
464.7686,0.025442243506719916
465.2507,0.025308090855304
465.7328,0.025117186724603544
466.2149,0.02487674981443753
466.6971,0.02469678902118288
467.1792,0.02482352732460371
467.6613,0.025601610835664475
468.1434,0.025941133770101956
468.6255,0.02546423236243275
469.1076,0.024886092322158035
469.5898,0.024676482591974816
470.0719,0.024763504279153418
470.554,0.024809088190474025
471.0361,0.02458358771873962
471.5182,0.024215634829042383
472.0003,0.024101523173719826
472.4825,0.02435179216651495
472.9646,0.024556529339164784
473.4467,0.024661910164028546
473.9288,0.02466644138801357
474.4109,0.024469041565587196
474.893,0.024109505891668735
475.3752,0.02389646953097414
475.8573,0.024202351009380108
476.3394,0.02468976883556896
476.8215,0.02470147944964799
477.3036,0.02421867965148992
477.7857,0.02381425206047916
478.2679,0.023794839537115406
478.75,0.02401748786046841
479.2321,0.024148576189024367
479.7142,0.024191986980824184
480.1963,0.024156066734733136
480.6784,0.023962946231582568
481.1606,0.02374429837532524
481.6427,0.023641692583826222
482.1248,0.023645728638286543
482.6069,0.0236202375751095
483.089,0.02344315381319721
483.5711,0.023172836041178726
484.0533,0.023151945975550852
484.5354,0.02364216557785905
485.0175,0.02395005504540367
485.4996,0.023850007413564675
485.9817,0.02364187969218777
486.4638,0.0235919817815081
486.946,0.023710993808396027
487.4281,0.02378055221207164
487.9102,0.023536362419989663
488.3923,0.0231157211947931
488.8744,0.022970451555799288
489.3565,0.023148836662875278
489.8387,0.02335004440947463
490.3208,0.02347614993641016
490.8029,0.02349762557437449
491.285,0.02334880748342474
491.7671,0.022937585525424395
492.2492,0.02262347610088419
492.7314,0.02264693171105723
493.2135,0.02276605430138693
493.6956,0.022668533372729165
494.1777,0.022350942302197623
494.6598,0.02206232033912685
495.1419,0.022002496184221548
495.6241,0.022127882032609493
496.1062,0.022155138107242633
496.5883,0.022059196869581403
497.0704,0.021890318075033922
497.5525,0.021583101167755216
498.0346,0.021256625222657873
498.5168,0.020974698778917316
498.9989,0.02076411498881988
499.481,0.020672264465118908
499.9631,0.020773130039328725
500.4452,0.02102276684477781
500.9273,0.021291422976554487
501.4095,0.02161968689802181
501.8916,0.021784962756981944
502.3737,0.021570759776813796
502.8558,0.021204578995797023
503.3379,0.021061144418307053
503.82,0.021200964231503708
504.3022,0.02133625662383981
504.7843,0.021360156767855014
505.2664,0.02132269599606545
505.7485,0.021295963066325835
506.2306,0.0212750302434304
506.7127,0.021172836942463847
507.1949,0.020913501834732236
507.677,0.020550346833926432
508.1591,0.020317395641036726
508.6412,0.020244709798586346
509.1233,0.02027010317449293
509.6054,0.020562450904695773
510.0876,0.020814586414293807
510.5697,0.020727616418610734
511.0518,0.0203521852894102
511.5339,0.02002187790836495
512.0161,0.02000895313279124
512.4982,0.02019222264222763
512.9803,0.020206782056950836
513.4624,0.02000636410876891
513.9445,0.019934126217601187
514.4266,0.0202429154281685
514.9088,0.020620704250089324
515.3909,0.02062580900391379
515.873,0.02022604568642139
516.3551,0.019891270312830008
516.8372,0.0198330414798485
517.3193,0.019849946852571267
517.8015,0.01973172414865978
518.2836,0.019507649905691083
518.7657,0.019329029498403406
519.2478,0.0192721210044707
519.7299,0.01933009475580075
520.212,0.019506762477393233
520.6942,0.019987051327659686
521.1763,0.02022674611515863
521.6584,0.020055077180387657
522.1405,0.01983273587826463
522.6226,0.019797279127764227
523.1047,0.019871702224666186
523.5869,0.019790610430162572
524.069,0.01933272416260912
524.5511,0.018831458890177215
525.0332,0.018960016332783977
525.5153,0.019712733917517523
525.9974,0.020162215022343104
526.4796,0.019999548379420473
526.9617,0.019613082821852486
527.4438,0.019364063349699985
527.9259,0.0192402885133506
528.408,0.019200634908555246
528.8901,0.019353159044634655
529.3723,0.019476277462153597
529.8544,0.019390034354886718
530.3365,0.01918898758955156
530.8186,0.019062300896080544
531.3007,0.019073685096555888
531.7828,0.01915116146229813
532.265,0.01919476414882057
532.7471,0.019194206248187424
533.2292,0.019227109003133222
533.7113,0.019389834393495155
534.1934,0.01947215596150755
534.6755,0.019349442088521178
535.1577,0.019133548820634543
535.6398,0.018958256716889183
536.1219,0.018855807854234893
536.604,0.018849170823004774
537.0861,0.019077194583135504
537.5682,0.019422434778889622
538.0504,0.019458036764901075
538.5325,0.019102402899719234
539.0146,0.018678047952831192
539.4967,0.018381818048369736
539.9788,0.018208675421953854
540.4609,0.018129277650312834
540.9431,0.01817934846905692
541.4252,0.018261245605659386
541.9073,0.0183591166182031
542.3894,0.01847737053292481
542.8715,0.018675273779149387
543.3536,0.01891917707731782
543.8358,0.019043584388969876
544.3179,0.0188890838289602
544.8,0.01853631069261614
545.2821,0.01834941046503567
545.7642,0.018389956258610472
546.2463,0.018427503754622987
546.7285,0.018367458938998774
547.2106,0.018312416880595893
547.6927,0.01838420702181043
548.1748,0.018566780821509726
548.6569,0.018655240377700857
549.139,0.018458127066224794
549.6211,0.018193840940722815
550.1032,0.018117366755606275
550.5853,0.018194021742991517
551.0674,0.018257614692892644
551.5496,0.018242984411911307
552.0317,0.0181811519578122
552.5138,0.018122573221072948
552.9959,0.018075692940893874
553.478,0.01800156864846384
553.9601,0.017797244472657566
554.4423,0.01767865626532097
554.9244,0.017833581272870252
555.4065,0.018100111228105255
555.8886,0.018218777687723245
556.3707,0.018092790344026246
556.8528,0.01785882508073978
557.335,0.017643277588516405
557.8171,0.01745288387518444
558.2992,0.017356329327348978
558.7813,0.017384728623924907
559.2634,0.01742599740185473
559.7455,0.017376672869884324
560.2277,0.017290138511440564
560.7098,0.017344630432486564
561.1919,0.01772619979287526
561.674,0.01792545473695399
562.1561,0.017575660164393044
562.6382,0.017091288119126326
563.1204,0.01692081721460911
563.6025,0.01708755852888453
564.0846,0.017369213525329927
564.5667,0.01763035986689493
565.0488,0.017835788217500047
565.5309,0.0178272884119783
566.0131,0.01749763672397133
566.4952,0.017224823258378655
566.9773,0.017026381653490318
567.4594,0.01694688551412213
567.9415,0.017101999081140563
568.4236,0.017429811295401387
568.9058,0.01765719802173052
569.3879,0.017626071485206802
569.87,0.017484008030202107
570.3521,0.017332155905676938
570.8342,0.017190182826706937
571.3163,0.01715901305428871
571.7985,0.01728235540276774
572.2806,0.01739060438078557
572.7627,0.01726018828631265
573.2448,0.016852003536388372
573.7269,0.01657160195252473
574.209,0.016451744721651937
574.6912,0.01641003151460563
575.1733,0.0164689127458666
575.6554,0.01657308669865911
576.1375,0.016675999243012895
576.6196,0.016763055794753935
577.1017,0.01682109607859984
577.5839,0.01682706479675758
578.066,0.016794731828146663
578.5481,0.016780663700090213
579.0302,0.016792574243695815
579.5123,0.0167545865537895
579.9944,0.016600207642000615
580.4766,0.01640388771765164
580.9587,0.016322807881201332
581.4408,0.016385410426635053
581.9229,0.01641793570855517
582.405,0.016389115793124128
582.8871,0.0163302382622465
583.3693,0.016237526521034967
583.8514,0.01613454300589247
584.3335,0.01606848999496265
584.8156,0.016061844876903385
585.2977,0.016079767699294954
585.7798,0.01605004395665379
586.262,0.015961332558072684
586.7441,0.015974221539716008
587.2262,0.016177814657208436
587.7083,0.01634933426757919
588.1904,0.016335639406949497
588.6725,0.01621392340098292
589.1547,0.01609965772263784
589.6368,0.016001920214204747
590.1189,0.015927662143310203
590.601,0.015923618402140977
591.0831,0.0159212250960637
591.5652,0.015781739364703555
592.0474,0.01553132829662966
592.5295,0.015370940948141855
593.0116,0.015439033109133974
593.4937,0.015678259931234603
593.9758,0.0159412255453583
594.4579,0.01633583320590313
594.9401,0.016494141223930486
595.4222,0.016224640286525926
595.9043,0.015852254208500543
596.3864,0.01544752740964216
596.8685,0.015069891363038521
597.3506,0.014855487524992508
597.8328,0.014926051201560138
598.3149,0.01503693289823855
598.797,0.01490443005673073
599.2791,0.01464489460024846
599.7612,0.014585659395542325
600.2433,0.014790187699050236
600.7255,0.015052980200191085
601.2076,0.015217002045310117
601.6897,0.015283093992307898
602.1718,0.015256486356622133
602.6539,0.015012394264680932
603.136,0.014845703765376805
603.6182,0.014840339444171166
604.1003,0.014870078526535376
604.5824,0.01485109040018138
605.0645,0.014777877535960165
605.5466,0.014674100136163527
606.0287,0.01452833088501925
606.5109,0.014392735242254397
606.993,0.014343206149487985
607.4751,0.014375880636935564
607.9572,0.014492523101014499
608.4393,0.014731337243216406
608.9214,0.01490183898350589
609.4036,0.014770644503938446
609.8857,0.014336072228412714
610.3678,0.014093622679174118
610.8499,0.01425652846824065
611.332,0.014323469165886801
611.8141,0.013942909416420738
612.2963,0.01355902114324261
612.7784,0.013769585275127894
613.2605,0.014526294934275446
613.7426,0.015135569425666774
614.2247,0.014991812098348089
614.7068,0.014397642480386512
615.189,0.014107039295939485
615.6711,0.014133988298424655
616.1532,0.014148126758683417
616.6353,0.014046286606466792
617.1174,0.013915025436174655
617.5995,0.013866380455503678
618.0817,0.01390226133749993
618.5638,0.013863027777482233
619.0459,0.013715234715091616
619.528,0.013523378895090643
620.0101,0.013208895556738555
620.4922,0.012915588902471612
620.9744,0.012849979655328886
621.4565,0.013029621618583113
621.9386,0.013276621082619598
622.4207,0.01345928884311961
622.9028,0.013569569192609614
623.3849,0.013534740705477211
623.8671,0.013314391137988687
624.3492,0.013184572102652444
624.8313,0.013233110357857073
625.3134,0.013402173783169356
625.7955,0.013738123957502868
626.2776,0.014228197496528799
626.7598,0.014372272412877243
627.2419,0.013742842316054276
627.724,0.013139190480609882
628.2061,0.013024689059649073
628.6882,0.013168217840949192
629.1703,0.013227385679204234
629.6525,0.013120594072173794
630.1346,0.012970144539296567
630.6167,0.012886510220552157
631.0988,0.0128636434409153
631.5809,0.012875349397450081
632.063,0.012935613584253252
632.5452,0.012974135147392802
633.0273,0.012951346951506572
633.5094,0.012915610676924875
633.9915,0.012932366175626698
634.4736,0.012997672045370104
634.9557,0.013027171275260183
635.4379,0.013044551514485902
635.92,0.01297946887596592
636.4021,0.012650430173101652
636.8842,0.01226538268788578
637.3663,0.012196739812013514
637.8484,0.012503622579113855
638.3306,0.01287652672782162
638.8127,0.0130076771801528
639.2948,0.01293618139643347
639.7769,0.012893933722726434
640.259,0.0128859679937993
640.7411,0.012886824244422276
641.2233,0.01286792235548477
641.7054,0.012876775365936403
642.1875,0.013032705944251155
642.6696,0.013311032188652771
643.1517,0.013373854501953424
643.6339,0.012862540613966682
644.116,0.012427465187370859
644.5981,0.012527198353373311
645.0802,0.012893866225605006
645.5623,0.013101699121602067
646.0444,0.013070057444747613
646.5266,0.013038568997366398
647.0087,0.01327936348459652
647.4908,0.01367716960236933
647.9729,0.013611289195428209
648.455,0.012925319720770956
648.9371,0.012406130895573087
649.4193,0.012297166186550869
649.9014,0.01237893313543548
650.3835,0.012482143982116556
650.8656,0.012599301024223596
651.3477,0.012675291433797352
651.8298,0.012625942891772799
652.312,0.012619022379754133
652.7941,0.012807053920657337
653.2762,0.013048728611570762
653.7583,0.013128668271559075
654.2404,0.013033657610752262
654.7225,0.012943739726377313
655.2047,0.01302435920829642
655.6868,0.013193890115713331
656.1689,0.013144423665715138
656.651,0.01282305940268778
657.1331,0.012610521850671113
657.6152,0.012605377502620701
658.0974,0.012703189039359837
658.5795,0.012872480226768292
659.0616,0.013081947779059242
659.5437,0.013178659001864228
660.0258,0.01304441898328605
660.5079,0.012926184277556341
660.9901,0.012972961921234696
661.4722,0.013035489428540636
661.9543,0.012915879352139687
662.4364,0.012638110193009191
662.9185,0.012397189016209934
663.4006,0.012325559511833768
663.8828,0.012361864731983987
664.3649,0.012378003139491568
664.847,0.01237285089905181
665.3291,0.012384973236589278
665.8112,0.012422292252721859
666.2933,0.012478284789202676
666.7755,0.012605395512027507
667.2576,0.01274663707820156
667.7397,0.012662876837682673
668.2218,0.012108643630105068
668.7039,0.011730327423145868
669.186,0.011781855905211372
669.6682,0.011948341350508988
670.1503,0.011993417403924986
670.6324,0.01193166691447823
671.1145,0.011901675558007467
671.5966,0.011983576011000746
672.0787,0.012038063478366797
672.5609,0.011779030732645709
673.043,0.011275293035171953
673.5251,0.011049005689390462
674.0072,0.011181236619778902
674.4893,0.011413193276539639
674.9714,0.011640678030712434
675.4536,0.011826493236708084
675.9357,0.011864354492736607
676.4178,0.011680966722870837
676.8999,0.011507658408843725
677.382,0.011355432468180118
677.8641,0.011208751209489574
678.3463,0.011028825503533618
678.8284,0.010860126617509326
679.3105,0.010801177901645139
679.7926,0.010883094034855939
680.2747,0.010950894994190963
680.7568,0.01082777568386623
681.239,0.010590328293123239
681.7211,0.01042034833953903
682.2032,0.010323313796994337
682.6853,0.010245978403895734
683.1674,0.010174022649007327
683.6495,0.010079125808542855
684.1317,0.00989402479411176
684.6138,0.009566023283212889
685.0959,0.009431551300198973
685.578,0.00972260143146786
686.0601,0.009928445752810296
686.5422,0.009885121145039158
687.0244,0.009722171357541073
687.5065,0.009574287592932877
687.9886,0.009457656041171856
688.4707,0.009311320539170395
688.9528,0.00899812971998137
689.4349,0.008715750996938524
689.9171,0.008750445041281245
690.3992,0.009003660832609927
690.8813,0.009204938921071193
691.3634,0.009277958355176669
691.8455,0.009226523000699226
692.3276,0.00902556192413584
692.8098,0.008707757853690776
693.2919,0.00857769092906411
693.774,0.008721922806181528
694.2561,0.008864775386458166
694.7382,0.009046672602957608
695.2203,0.009127193650382484
695.7025,0.008946929974798786
696.1846,0.008574893161756336
696.6667,0.008273844812279335
697.1488,0.008146080622441584
697.6309,0.008046087007977076
698.113,0.007839789489232236
698.5952,0.007650904238032618
699.0773,0.007708621721852444
699.5594,0.007964969371752673
700.0415,0.008120388828506131
700.5236,0.007985346978520658
701.0057,0.007669609712946725
701.4879,0.007341568988152562
701.97,0.006988775464756465
702.4521,0.006911608952434237
702.9342,0.007263886308569735
703.4163,0.007565216224415052
703.8984,0.0075087666263364185
704.3806,0.007215958811489622
704.8627,0.0069732651827922
705.3448,0.006781357875161947
705.8269,0.006631972911615029
706.309,0.006495241300684901
706.7911,0.0064284253688615565
707.2733,0.0065679496870469966
707.7554,0.0067665359113191275
708.2375,0.0067367880167336506
708.7196,0.006405006103941145
709.2017,0.006076041721420907
709.6838,0.0061257820391152785
710.166,0.00637655370889112
710.6481,0.0063588186314205465
711.1302,0.006079473468806527
711.6123,0.005740685041727788
712.0944,0.005385993466675478
712.5765,0.0051224139054188746
713.0587,0.005112821176223859
713.5408,0.005375672270885953
714.0229,0.005498542674414902
714.505,0.005412526615811395
714.9871,0.005274745757330145
715.4692,0.005041325965340859
715.9514,0.004819868125779117
716.4335,0.004690775636548453
716.9156,0.00465487785621641
717.3977,0.004683618284192628
717.8798,0.004828219431168637
718.3619,0.004943262023600073
718.8441,0.004900841296421953
719.3262,0.004755110810457418
719.8083,0.0045769610113918485
720.2904,0.004387603952367778
720.7725,0.004211214615032642
721.2546,0.0040606860609575055
721.7368,0.003951615157060138
722.2189,0.003952034839141736
722.701,0.004095649631045549
723.1831,0.004096462269393775
723.6652,0.003839578717546675
724.1473,0.003625142847128275
724.6295,0.0036814379305899147
725.1116,0.003870007488755321
725.5937,0.0038985317497583567
726.0758,0.003715619229531216
726.5579,0.0035486609371783192
727.04,0.0034411969891908205
727.5222,0.003357825749315691
728.0043,0.0032882236230099824
728.4864,0.0032235885255072856
728.9685,0.003145879601680265
729.4506,0.0030536507537970875
729.9327,0.0029807673901538463
730.4149,0.0030096455532865603
730.897,0.0030589613741530053
731.3791,0.002882403014151327
731.8612,0.002514052010314709
732.3433,0.0022938788660936973
732.8254,0.002332572931788181
733.3076,0.002466587897671611
733.7897,0.0025402594488110174
734.2718,0.002555167558604203
734.7539,0.0025361827502707085
735.236,0.002498815207907154
735.7181,0.0023993047566718937
736.2003,0.0021275085427462856
736.6824,0.0018913025562746356
737.1645,0.0018545558843111448
737.6466,0.001955495004180649
738.1287,0.002018010361671275
738.6108,0.0019970175022249992
739.093,0.0019267868743151233
739.5751,0.0018043981968201828
740.0572,0.0016579013385688633
740.5393,0.0014911944760556822
741.0214,0.0013303623830413155
741.5035,0.0012528931061944431
741.9857,0.0012964208528386742
742.4678,0.001382077684080492
742.9499,0.0013956575437710332
743.432,0.0013428976674768206
743.9141,0.0013148079015818871
744.3962,0.0013244306329665704
744.8784,0.0012842379622744447
745.3605,0.00113128079494555
745.8426,0.0009556222484580969
746.3247,0.0008881027306360405
746.8068,0.0009448650933336778
747.2889,0.0009578869267199042
747.7711,0.0009156901493803639
748.2532,0.0008476047587110482
748.7353,0.0007255068292982015
749.2174,0.0006061674859565966
749.6995,0.000559679242932863
750.1816,0.0005682448811305743
750.6638,0.0005357110193333546
751.1459,0.00038515481861100897
751.628,0.00023848500300620263
752.1101,0.00022959136034262482
752.5922,0.00029688505977498936
753.0743,0.0003293427338642561
753.5565,0.00031470432768597554
754.0386,0.00028323504751205897
754.5207,0.00025181684977559253
755.0028,0.00022044973447657727
755.4849,0.0001843395732649028
755.967,0.00014005581364086235
756.4492,0.0001395011380818429
756.9313,0.00023334328608469568
757.4134,0.00024036848266638575
757.8955,2.84631252608028e-05
758.3776,0.0
758.8597,0.0
759.3419,0.0
759.824,0.0
760.3061,0.0
760.7882,0.0
761.2703,0.0
761.7524,0.0
762.2346,0.0
762.7167,0.0
763.1988,0.0
763.6809,0.0
764.163,0.0
764.6451,0.0
765.1273,0.0
765.6094,0.0
766.0915,0.0
766.5736,0.0
767.0557,0.0
767.5378,0.0
768.02,0.0
768.5021,0.0
768.9842,0.0
769.4663,0.0
769.9484,0.0
770.4305,0.0
770.9127,0.0
771.3948,0.0
771.8769,0.0
772.359,0.0
772.8411,0.0
773.3232,0.0
773.8054,0.0
774.2875,0.0
774.7696,0.0
775.2517,0.0
775.7338,0.0
776.2159,0.0
776.6981,0.0
777.1802,0.0
777.6623,0.0
778.1444,0.0
778.6265,0.0
779.1086,0.0
779.5908,0.0
780.0729,0.0
780.555,0.0
781.0371,0.0
781.5192,0.0
782.0013,0.0
782.4835,0.0
782.9656,0.0
783.4477,0.0
783.9298,0.0
784.4119,0.0
784.894,0.0
785.3762,0.0
785.8583,0.0
786.3404,0.0
786.8225,0.0
787.3046,0.0
787.7867,0.0
788.2689,0.0
788.751,0.0
789.2331,0.0
789.7152,0.0
790.1973,0.0
790.6794,0.0
791.1616,0.0
791.6437,0.0
792.1258,0.0
792.6079,0.0
793.09,0.0
793.5721,0.0
794.0543,0.0
794.5364,0.0
795.0185,0.0
795.5006,0.0
795.9827,0.0
796.4648,0.0
796.947,0.0
797.4291,0.0
797.9112,0.0
798.3933,0.0
798.8754,0.0
799.3575,0.0
799.8397,0.0
800.3218,0.0
800.8039,0.0
801.286,0.0
801.7681,0.0
802.2502,0.0
802.7324,0.0
803.2145,0.0
803.6966,0.0
804.1787,0.0
804.6608,0.0
805.1429,0.0
805.6251,0.0
806.1072,0.0
806.5893,0.0
807.0714,0.0
807.5535,0.0
808.0356,0.0
808.5178,0.0
808.9999,0.0
809.482,0.0
809.9641,0.0
810.4462,0.0
810.9283,0.0
811.4105,0.0
811.8926,0.0
812.3747,0.0
812.8568,0.0
813.3389,0.0
813.821,0.0
814.3032,0.0
814.7853,0.0
815.2674,0.0
815.7495,0.0
816.2316,0.0
816.7137,0.0
817.1959,0.0
817.678,0.0
818.1601,0.0
818.6422,0.0
819.1243,0.0
819.6064,0.0
820.0886,0.0
820.5707,0.0
821.0528,0.0
821.5349,0.0
822.017,0.0
822.4991,0.0
822.9813,0.0
823.4634,0.0
823.9455,0.0
824.4276,0.0
824.9097,0.0
825.3918,0.0
825.874,0.0
826.3561,0.0
826.8382,0.0
827.3203,0.0
827.8024,0.0
828.2845,0.0
828.7667,0.0
829.2488,0.0
829.7309,0.0
830.213,0.0
830.6951,0.0
831.1772,0.0
831.6594,0.0
832.1415,0.0
832.6236,0.0
833.1057,0.0
833.5878,0.0
834.0699,0.0
834.5521,0.0
835.0342,0.0
835.5163,0.0
835.9984,0.0
836.4805,0.0
836.9626,0.0
837.4448,0.0
837.9269,0.0
838.409,0.0
838.8911,0.0
839.3732,0.0
839.8553,0.0
840.3375,0.0
840.8196,0.0
841.3017,0.0
841.7838,0.0
842.2659,0.0
842.748,0.0
843.2302,0.0
843.7123,0.0
844.1944,0.0
844.6765,0.0
845.1586,0.0
845.6407,0.0
846.1229,0.0
846.605,0.0
847.0871,0.0
847.5692,0.0
848.0513,0.0
848.5334,0.0
849.0156,0.0
849.4977,0.0
849.9798,0.0
850.4619,0.0
850.944,0.0
851.4261,0.0
851.9083,0.0
852.3904,0.0
852.8725,0.0
853.3546,0.0
853.8367,0.0
854.3188,0.0
854.801,0.0
855.2831,0.0
855.7652,0.0
856.2473,0.0
856.7294,0.0
857.2115,0.0
857.6937,0.0
858.1758,0.0
858.6579,0.0
859.14,0.0
859.6221,0.0
860.1042,0.0
860.5864,0.0
861.0685,0.0
861.5506,0.0
862.0327,0.0
862.5148,0.0
862.9969,0.0
863.4791,0.0
863.9612,0.0
864.4433,0.0
864.9254,0.0
865.4075,0.0
865.8896,0.0
866.3718,0.0
866.8539,0.0
867.336,0.0
867.8181,0.0
868.3002,0.0
868.7823,0.0
869.2645,0.0
869.7466,0.0
870.2287,0.0
870.7108,0.0
871.1929,0.0
871.675,0.0
872.1572,0.0
872.6393,0.0
873.1214,0.0
873.6035,0.0
874.0856,0.0
874.5677,0.0
875.0499,0.0
875.532,0.0
876.0141,0.0
876.4962,0.0
876.9783,0.0
877.4604,0.0
877.9426,0.0
878.4247,0.0
878.9068,0.0
879.3889,0.0
879.871,0.0
880.3531,0.0
880.8353,0.0
881.3174,0.0
881.7995,0.0
882.2816,0.0
882.7637,0.0
883.2458,0.0
883.728,0.0
884.2101,0.0
884.6922,0.0
885.1743,0.0
885.6564,0.0
886.1385,0.0
886.6207,0.0
887.1028,0.0
887.5849,0.0
888.067,0.0
888.5491,0.0
889.0313,0.0
889.5134,0.0
889.9955,0.0
890.4776,0.0
890.9597,0.0
891.4418,0.0
891.924,0.0
892.4061,0.0
892.8882,0.0
893.3703,0.0
893.8524,0.0
894.3345,0.0
894.8167,0.0
895.2988,0.0
895.7809,0.0
896.263,0.0
896.7451,0.0
897.2272,0.0
897.7094,0.0
898.1915,0.0
898.6736,0.0
899.1557,0.0
899.6378,0.0
900.1199,0.0
900.6021,0.0
901.0842,0.0
901.5663,0.0
902.0484,0.0
902.5305,0.0
903.0126,0.0
903.4948,0.0
903.9769,0.0
904.459,0.0
904.9411,0.0
905.4232,0.0
905.9053,0.0
906.3875,0.0
906.8696,0.0
907.3517,0.0
907.8338,0.0
908.3159,0.0
908.798,0.0
909.2802,0.0
909.7623,0.0
910.2444,0.0
910.7265,0.0
911.2086,0.0
911.6907,0.0
912.1729,0.0
912.655,0.0
913.1371,0.0
913.6192,0.0
914.1013,0.0
914.5834,0.0
915.0656,0.0
915.5477,0.0
916.0298,0.0
916.5119,0.0
916.994,0.0
917.4761,0.0
917.9583,0.0
918.4404,0.0
918.9225,0.0
919.4046,0.0
919.8867,0.0
920.3688,0.0
920.851,0.0
921.3331,0.0
921.8152,0.0
922.2973,0.0
922.7794,0.0
923.2615,0.0
923.7437,0.0
924.2258,0.0
924.7079,0.0
925.19,0.0
925.6721,0.0
926.1542,0.0
926.6364,0.0
927.1185,0.0
927.6006,0.0
928.0827,0.0
928.5648,0.0
929.0469,0.0
929.5291,0.0
930.0112,0.0
930.4933,0.0
930.9754,0.0
931.4575,0.0
931.9396,0.0
932.4218,0.0
932.9039,0.0
933.386,0.0
933.8681,0.0
934.3502,0.0
934.8323,0.0
935.3145,0.0
935.7966,0.0
936.2787,1.5872217149866424e-05
936.7608,9.61720721944815e-05
937.2429,0.0001813878710678839
937.725,0.00025705470683831547
938.2072,0.0002875948228447555
938.6893,0.0003029931744290117
939.1714,0.0003863777649398008
939.6535,0.000519130086079735
940.1356,0.0006191290769794885
940.6177,0.0006710649638259269
941.0999,0.0007269668009145925
941.582,0.0008288048449057168
942.0641,0.0009279235938860745
942.5462,0.00091521733175667
943.0283,0.0008181501265821853
943.5104,0.0007645601615476535
943.9926,0.0007626023670967362
944.4747,0.0008647822738628579
944.9568,0.001090147699009595
945.4389,0.0013192383951243975
945.921,0.0014525801285559111
946.4031,0.0014901689696907318
946.8853,0.0013739655209988294
947.3674,0.0011057989991280941
947.8495,0.0010951479001626602
948.3316,0.00139362769613423
948.8137,0.0016434117202948088
949.2958,0.0016991946578886815
949.778,0.0016910555739317785
950.2601,0.0017595979627972002
950.7422,0.001892362020950297
951.2243,0.0020485033466935035
951.7064,0.0022569910500243634
952.1885,0.002265921193438472
952.6707,0.00197901926056382
953.1528,0.0017661030759394817
953.6349,0.0018051890666178174
954.117,0.001993686815519903
954.5991,0.0022149182415216167
955.0812,0.002463173616350244
955.5634,0.0026333368032583106
956.0455,0.002701721980405754
956.5276,0.0027593793104297064
957.0097,0.00280144786155223
957.4918,0.002868198311914238
957.9739,0.002985173148626964
958.4561,0.003138945914223888
958.9382,0.0033377785242641594
959.4203,0.00360120611686527
959.9024,0.003620239260635908
960.3845,0.0031986016253865357
960.8666,0.0029228469555261597
961.3488,0.002869977066967255
961.8309,0.0030002182614894016
962.313,0.0034485852360251084
962.7951,0.003983050037655915
963.2772,0.004101679216965634
963.7593,0.0036828787464645864
964.2415,0.0034997068033052327
964.7236,0.003713137899951018
965.2057,0.003928305883183595
965.6878,0.0041197586469999695
966.1699,0.004254601397614266
966.652,0.004286751558664425
967.1342,0.004253117120081917
967.6163,0.004216892004498133
968.0984,0.004140525885478918
968.5805,0.004219941428007655
969.0626,0.004703812427372529
969.5447,0.0050241957882351165
970.0269,0.004942144579117378
970.509,0.004733778805266524
970.9911,0.004482725638495917
971.4732,0.004290997842714433
971.9553,0.004464350777483765
972.4374,0.0052234322353109704
972.9196,0.005654364544682547
973.4017,0.005323257282637746
973.8838,0.005043431472948728
974.3659,0.0051359797562841375
974.848,0.005370280981323327
975.3301,0.005576780189008513
975.8123,0.005743587459383777
976.2944,0.005877019432033361
976.7765,0.005977788455551004
977.2586,0.00604624426552946
977.7407,0.006069454504263641
978.2228,0.006075665232885174
978.705,0.006000046789468473
979.1871,0.0059731426625097735
979.6692,0.006190538668586364
980.1513,0.006572326119174092
980.6334,0.006812447074479335
981.1155,0.006801288898274272
981.5977,0.006783632248720534
982.0798,0.006880086532077945
982.5619,0.006931401343752927
983.044,0.006741457538092014
983.5261,0.006546959307961728
984.0082,0.006636933648672598
984.4904,0.006969381971719928
984.9725,0.007302858733038442
985.4546,0.007616534169888876
985.9367,0.007800559869239309
986.4188,0.007632500064484899
986.9009,0.007531330136517938
987.3831,0.007875095742349715
987.8652,0.008331023173288536
988.3473,0.008472813376743011
988.8294,0.008332052585236225
989.3115,0.008239248793147365
989.7936,0.00829698848794195
990.2758,0.008400183157507374
990.7579,0.00855439485787053
991.24,0.008687186233044092
991.7221,0.00870549224883492
992.2042,0.008705989254152348
992.6863,0.008838902439731042
993.1685,0.009078042081116736
993.6506,0.009234242152270212
994.1327,0.009191591993919248
994.6148,0.009216153940654675
995.0969,0.00950930889047488
995.579,0.00982055577785987
996.0612,0.00995898728317353
996.5433,0.010026476318192033
997.0254,0.010160493705565024
997.5075,0.010364194924854101
997.9896,0.010575248448281034
998.4717,0.010816850783756235
998.9539,0.010928179741625643
999.436,0.010689909473878097
999.9181,0.010451061550423725
1000.4,0.01045519499288715
1000.882,0.01060466635290215
1001.364,0.01077181310820234
1001.847,0.010945718785950848
1002.329,0.011189324033910297
1002.811,0.011588950646576179
1003.293,0.011857100248251234
1003.775,0.011702757459243653
1004.257,0.011541188105394496
1004.739,0.011708574542835047
1005.221,0.012004561502664763
1005.703,0.012120454274497466
1006.186,0.0120945863769348
1006.668,0.012263568230526692
1007.15,0.012858936710090743
1007.632,0.013245815615216889
1008.114,0.012867382656493601
1008.596,0.012481015802516433
1009.078,0.012625594727904614
1009.56,0.013013872552218593
1010.043,0.013337630318542786
1010.525,0.013545094846104866
1011.007,0.013638011137210766
1011.489,0.01359014509279054
1011.971,0.01353001471914773
1012.453,0.013365670992295282
1012.935,0.01337317318331803
1013.417,0.013960643080892692
1013.899,0.014636167749777487
1014.382,0.014760753171640965
1014.864,0.014455678187346865
1015.346,0.01432383627445877
1015.828,0.014552552103837069
1016.31,0.01486070113272212
1016.792,0.015226084975007546
1017.274,0.015542521546965253
1017.756,0.015759586049424252
1018.239,0.015893390444636453
1018.721,0.015915058855009736
1019.203,0.015874140306937894
1019.685,0.015897777442033852
1020.167,0.016017945524547474
1020.649,0.016189123912833142
1021.131,0.016444399951733402
1021.613,0.016689018873292386
1022.095,0.016796726128525948
1022.578,0.016945117359491262
1023.06,0.017430637299935846
1023.542,0.018067596675860453
1024.024,0.01835516232960137
1024.506,0.01815446565315492
1024.988,0.017913246797514052
1025.47,0.01761435692979362
1025.952,0.017468623738609763
1026.435,0.01759400325380283
1026.917,0.017869375298676837
1027.399,0.018241639815401466
1027.881,0.018673850578773674
1028.363,0.019164219614695666
1028.845,0.019751488981695087
1029.327,0.0200400055544189
1029.809,0.019601272498702423
1030.292,0.01935036412369444
1030.774,0.019667083530708496
1031.256,0.020113884924364177
1031.738,0.020418862634942275
1032.22,0.02063419799880435
1032.702,0.020883214073336848
1033.184,0.021181130251244656
1033.666,0.021419009789805064
1034.148,0.021555092687397897
1034.63,0.021674101408964423
1035.113,0.02172863021613612
1035.595,0.021835850102199295
1036.077,0.022091239985392253
1036.559,0.02242257750100462
1037.041,0.02273675045948244
1037.523,0.02303399856724322
1038.005,0.02327161871545038
1038.487,0.02337980525163561
1038.97,0.023541396476245667
1039.452,0.02381825774278852
1039.934,0.024082752510160343
1040.416,0.024224725855483877
1040.898,0.024372534670913187
1041.38,0.024739800600193027
1041.862,0.02528709783206387
1042.344,0.025560677836641506
1042.826,0.025312923884642832
1043.309,0.02534096337898764
1043.791,0.025788578100807077
1044.273,0.026297754140382195
1044.755,0.026765834277206246
1045.237,0.027210501771586994
1045.719,0.02766486754604742
1046.201,0.028111193325692105
1046.683,0.028465691893569407
1047.166,0.028706182107173538
1047.648,0.028935593225948852
1048.13,0.029147175682924725
1048.612,0.02936431853706826
1049.094,0.029577280276756553
1049.576,0.029855988372473365
1050.058,0.030311234344467038
1050.54,0.030804448235352416
1051.022,0.030910787751428432
1051.505,0.030566889548413804
1051.987,0.030484635133202494
1052.469,0.03070438722057183
1052.951,0.030925597188717416
1053.433,0.03106326357014645
1053.915,0.03129712688185401
1054.397,0.03178234004978053
1054.879,0.03233116579365844
1055.361,0.0325686286138546
1055.844,0.03253253320978986
1056.326,0.03271346068667719
1056.808,0.03311119671798227
1057.29,0.033382135907858
1057.772,0.03346738121063925
1058.254,0.033437370946552
1058.736,0.03331386338500164
1059.218,0.03327077928553524
1059.701,0.03357211595497181
1060.183,0.034110190245415686
1060.665,0.03454990630661851
1061.147,0.03489575175708504
1061.629,0.035130829259187854
1062.111,0.03527325433070892
1062.593,0.035484809155397395
1063.075,0.0358232590502587
1063.557,0.03611204648515316
1064.04,0.03614672755918112
1064.522,0.03609161095231174
1065.004,0.03625978283235958
1065.486,0.03656915357536254
1065.968,0.03682901904293472
1066.45,0.03703780738971545
1066.932,0.037277726128068865
1067.414,0.03755396234768528
1067.896,0.03772296727099951
1068.379,0.03765354513759477
1068.861,0.03756321129955038
1069.343,0.037614705062605364
1069.825,0.03785997591593059
1070.307,0.03861791198707633
1070.789,0.0395268709546815
1071.271,0.039792442173452666
1071.753,0.03943792825086209
1072.236,0.03915027906711404
1072.718,0.039229256522023574
1073.2,0.03948515302570993
1073.682,0.0398513223348798
1074.164,0.04026013580288944
1074.646,0.04077081270370288
1075.128,0.04120879961001535
1075.61,0.041293640013345484
1076.093,0.041133058908864
1076.575,0.04101522557608842
1077.057,0.041010769443383714
1077.539,0.04122614373780272
1078.021,0.04190207657633531
1078.503,0.04255078504742493
1078.985,0.0429219920735155
1079.467,0.043209899148920414
1079.949,0.04355632602130809
1080.432,0.043932600951349834
1080.914,0.044299988386324166
1081.396,0.044646320946896224
1081.878,0.044881531893898416
1082.36,0.044850283609560414
1082.842,0.04492258849178896
1083.324,0.045178610653979316
1083.806,0.04551928454227392
1084.288,0.045963315116464995
1084.771,0.04642210417952213
1085.253,0.0467412280668277
1085.735,0.04697807370293207
1086.217,0.04743793275301555
1086.699,0.04827559268897221
1087.181,0.04891626895853123
1087.663,0.049287538786698754
1088.145,0.04960777079020883
1088.628,0.04995761535162472
1089.11,0.05019596993499821
1089.592,0.050084871851987
1090.074,0.04996085319431512
1090.556,0.05063372869181076
1091.038,0.052144602100656016
1091.52,0.053235682763225614
1092.002,0.053870032313543315
1092.484,0.05422959185210917
1092.967,0.05429637861177765
1093.449,0.05439314132919133
1093.931,0.05467633275981402
1094.413,0.05513329954849215
1094.895,0.05580915365707756
1095.377,0.056573982066509126
1095.859,0.05687445591368944
1096.341,0.056780758093973364
1096.823,0.056766603502939286
1097.306,0.05689448800258374
1097.788,0.05738817307461048
1098.27,0.05828865957941516
1098.752,0.059092053190494154
1099.234,0.059356861842163225
1099.716,0.059471999372791476
1100.198,0.060102631442889486
1100.68,0.060980758418459347
1101.163,0.06151754287054234
1101.645,0.06184259248297436
1102.127,0.062345857916605775
1102.609,0.06306042651627915
1103.091,0.06381461347247296
1103.573,0.06453076962436904
1104.055,0.06512476194903638
1104.537,0.06538670979468868
1105.02,0.06563944617194939
1105.502,0.06631456929381487
1105.984,0.06705025561163197
1106.466,0.06717010077056121
1106.948,0.06705268372572508
1107.43,0.06770803300976988
1107.912,0.06930107449716615
1108.394,0.07071945252228656
1108.876,0.07146815368491544
1109.359,0.07202825667403845
1109.841,0.07227083935368013
1110.323,0.0727182020411169
1110.805,0.07399538904402768
1111.287,0.07544513322483935
1111.769,0.0762668544452178
1112.251,0.07649874854742779
1112.733,0.07658034279045269
1113.215,0.07634396057044072
1113.698,0.07646668983953044
1114.18,0.07718624109877838
1114.662,0.07790509288104504
1115.144,0.0783934413945973
1115.626,0.07899803572600368
1116.108,0.07999473473606557
1116.59,0.0812243890820129
1117.072,0.08245758793345281
1117.555,0.08369772645131274
1118.037,0.08431866796178476
1118.519,0.08408960265075992
1119.001,0.0846840349776323
1119.483,0.08647127000989636
1119.965,0.08790315795567312
1120.447,0.08829802877816474
1120.929,0.0882689807603089
1121.411,0.08834647241520491
1121.894,0.08870043606642011
1122.376,0.09012580084126445
1122.858,0.09225775725530462
1123.34,0.09298787123784315
1123.822,0.09252394074556346
1124.304,0.09246732253580395
1124.786,0.09316590528301963
1125.268,0.09413705386921019
1125.75,0.09511265077197573
1126.233,0.0961046580028087
1126.715,0.09708761900579088
1127.197,0.09811180950678824
1127.679,0.09942573825732605
1128.161,0.10071798339531733
1128.643,0.10143490168859252
1129.125,0.10169768241446095
1129.607,0.10178564249351753
1130.09,0.1018555110253555
1130.572,0.10255234112803134
1131.054,0.10472749964586843
1131.536,0.10667007219988821
1132.018,0.10716816601699762
1132.5,0.10749831601074815
1132.982,0.10860009274549311
1133.464,0.10999251154086093
1133.947,0.11099572622973214
1134.429,0.11170539041970504
1134.911,0.11280267952905548
1135.393,0.11470755134202615
1135.875,0.1158266655126182
1136.357,0.11508896661205648
1136.839,0.11496303777930685
1137.321,0.11613931208905305
1137.803,0.1176157774199883
1138.286,0.1188401822988219
1138.768,0.12004245492973997
1139.25,0.12163408150993232
1139.732,0.12353018238992158
1140.214,0.12495678091410335
1140.696,0.12587674223583126
1141.178,0.12661657793265493
1141.66,0.127177702665399
1142.142,0.1277290898103378
1142.625,0.12829900982869263
1143.107,0.1293216126397881
1143.589,0.13120944558310724
1144.071,0.13336603264040153
1144.553,0.13465434017388092
1145.035,0.1354044557092906
1145.517,0.13656373044551925
1145.999,0.138061981487212
1146.482,0.1397763464945409
1146.964,0.14158006210910543
1147.446,0.14304395261011954
1147.928,0.14404140585377945
1148.41,0.14523412944080225
1148.892,0.1472391905636614
1149.374,0.1494189701517924
1149.856,0.15142400768537953
1150.339,0.15310075067430856
1150.821,0.1539381586048615
1151.303,0.15455178290561705
1151.785,0.15596222276927207
1152.267,0.15807402788629862
1152.749,0.15989461720755407
1153.231,0.1609714957498294
1153.713,0.16258626762796433
1154.195,0.1657295097882666
1154.677,0.16850168640847465
1155.16,0.17009598622953892
1155.642,0.17140840578642833
1156.124,0.17290261711271263
1156.606,0.17452816397231377
1157.088,0.17616507526807693
1157.57,0.17783971870592766
1158.052,0.17986473432810748
1158.534,0.1822524611206979
1159.017,0.18497835609491262
1159.499,0.1880991679907509
1159.981,0.19114387112842873
1160.463,0.1939843208149157
1160.945,0.1966894424692782
1161.427,0.19938411920542304
1161.909,0.20172207349038998
1162.391,0.20275265325003292
1162.874,0.20311817102022003
1163.356,0.20497795422691711
1163.838,0.20805667206812736
1164.32,0.21173835764312982
1164.802,0.21570557678133293
1165.284,0.2191760220467205
1165.766,0.22196240806456619
1166.248,0.22472801428094774
1166.73,0.22801736722494265
1167.213,0.23117380657301848
1167.695,0.23306348624260717
1168.177,0.23519409836328686
1168.659,0.2394138580062925
1169.141,0.24429749439081713
1169.623,0.24784738854409213
1170.105,0.2504533974117029
1170.587,0.2538481661347397
1171.069,0.25845845072863016
1171.552,0.26285707242070544
1172.034,0.26698241914784404
1172.516,0.27061566824211514
1172.998,0.27315543166851824
1173.48,0.2760401837088901
1173.962,0.27993281084796834
1174.444,0.28435083515228865
1174.926,0.288843805037611
1175.409,0.2934156284702892
1175.891,0.29799321865530615
1176.373,0.3025582419308685
1176.855,0.3074587441559675
1177.337,0.3127231757316316
1177.819,0.3176283699035407
1178.301,0.3220719602425797
1178.783,0.3271730220532929
1179.266,0.33348922455298713
1179.748,0.3396195857251706
1180.23,0.3437616489617784
1180.712,0.34730355019697123
1181.194,0.35257389974034536
1181.676,0.35872142544068436
1182.158,0.36424654752775465
1182.64,0.3693874005737008
1183.122,0.3746139663413697
1183.604,0.3802021429876966
1184.087,0.3869245497460311
1184.569,0.3953270919376974
1185.051,0.4026754838916471
1185.533,0.40628289174058224
1186.015,0.4105272977753686
1186.497,0.417704775106636
1186.979,0.4257098368737387
1187.461,0.43354750496335853
1187.944,0.44100481240193884
1188.426,0.44797876718901425
1188.908,0.4544741029171902
1189.39,0.45999529533650857
1189.872,0.4634070791352102
1190.354,0.47036731168910356
1190.836,0.4820030061218046
1191.318,0.4921167691374472
1191.801,0.4991179114342094
1192.283,0.5059296360315351
1192.765,0.5141933606342303
1193.247,0.5228968168300099
1193.729,0.5307444110803241
1194.211,0.5382190928722452
1194.693,0.5466144909376224
1195.175,0.5556539604929739
1195.657,0.5647260536929907
1196.14,0.5737832405653845
1196.622,0.5826796957694995
1197.104,0.5915565107600369
1197.586,0.6012789864080572
1198.068,0.6123642598372281
1198.55,0.6228777823698783
1199.032,0.6310292221401808
1199.514,0.6390152330397013
1199.996,0.6479730451869004
1200.479,0.6574307305087774
1200.961,0.6673473840491536
1201.443,0.677311986726462
1201.925,0.6864879238474744
1202.407,0.6950677464688756
1202.889,0.7049337394100935
1203.371,0.7165083361118141
1203.853,0.7279017854891459
1204.336,0.7390028981097485
1204.818,0.7504737765942499
1205.3,0.762853189550662
1205.782,0.7736686242266169
1206.264,0.7812720007614301
1206.746,0.7885468694692898
1207.228,0.7990298824117517
1207.71,0.8115873461224171
1208.193,0.8239554290778597
1208.675,0.8358480179241079
1209.157,0.8458771919486876
1209.639,0.8546834781360803
1210.121,0.8638634784114084
1210.603,0.8737182011612444
1211.085,0.8840436994500384
1211.567,0.894834078857688
1212.049,0.9045084559126775
1212.531,0.9114191437156625
1213.014,0.9179608675939339
1213.496,0.9253234766612729
1213.978,0.9328542810356371
1214.46,0.939836519232551
1214.942,0.9468816390973235
1215.424,0.9555092221324031
1215.906,0.9647769470440554
1216.388,0.9710821442655754
1216.871,0.9737701592548942
1217.353,0.9775867480322551
1217.835,0.9829704744876563
1218.317,0.987778127471795
1218.799,0.9918179418506672
1219.281,0.9943554728794893
1219.763,0.9949985451407694
1220.245,0.9955245227761089
1220.728,0.9977783784586592
1221.21,1.0
1221.692,0.998372966029119
1222.174,0.9948836961205897
1222.656,0.9936696802250921
1223.138,0.9938125676906423
1223.62,0.9939503545122016
1224.102,0.9933258041872566
1224.584,0.9903014468113068
1225.067,0.984718152369297
1225.549,0.9797211447888349
1226.031,0.9771652209069577
1226.513,0.9744422963089381
1226.995,0.9709609641778156
1227.477,0.9667789898305961
1227.959,0.9616539161203926
1228.441,0.9560451148538676
1228.923,0.9501353130542011
1229.406,0.944030236796289
1229.888,0.9377302401089861
1230.37,0.931338298321514
1230.852,0.9269520390677151
1231.334,0.9247471160666467
1231.816,0.9196008852878156
1232.298,0.9113789539528823
1232.78,0.903915838819254
1233.263,0.8982179334838838
1233.745,0.8936918271298626
1234.227,0.8900263139642511
1234.709,0.8861069556263191
1235.191,0.8802302647064171
1235.673,0.8741197696425432
1236.155,0.8694966411046546
1236.637,0.8657958006855826
1237.12,0.8622101255277641
1237.602,0.8592567133008563
1238.084,0.8581671245638194
1238.566,0.8586026266414243
1239.048,0.8588377262889721
1239.53,0.8586865527925611
1240.012,0.857892109435718
1240.494,0.855312843525241
1240.976,0.8544064218933105
1241.458,0.8558286970166756
1241.941,0.8583497197987147
1242.423,0.8615340492945702
1242.905,0.8653903505355524
1243.387,0.8699174446376404
1243.869,0.8751404811266058
