Wavenumber (cm⁻¹),Intensity
200.0,11600.369768895349
201.00097751710655,11449.540788923083
202.0019550342131,11286.498153033604
203.00293255131965,11165.844915774398
204.0039100684262,11224.041283048035
205.00488758553274,11225.614352451748
206.0058651026393,11255.31746201013
207.00684261974584,11308.05860698129
208.0078201368524,11175.661871433767
209.00879765395894,11150.054364169555
210.00977517106548,11155.166743090731
211.01075268817203,11141.335053763441
212.01173020527858,11012.426787523327
213.01270772238513,10985.003158788903
214.01368523949168,11018.503394294854
215.01466275659823,11025.055247134098
216.01564027370478,11044.080471570189
217.01661779081132,11076.470658835146
218.01759530791787,11101.189565751902
219.01857282502445,10967.143086022928
220.019550342131,11086.91806156863
221.02052785923755,11178.622128054027
222.0215053763441,11065.620296188392
223.02248289345064,11186.082041665155
224.0234604105572,11337.802094435416
225.02443792766374,11445.038795254663
226.0254154447703,11365.572990910443
227.02639296187684,11505.512798919317
228.02737047898339,11642.793677678508
229.02834799608993,11735.902049508533
230.02932551319648,11749.76398305447
231.03030303030303,11869.970337952833
232.03128054740958,11979.37378487214
233.03225806451613,12019.471871250089
234.03323558162268,11923.097668290158
235.03421309872923,11891.917470747569
236.03519061583577,11824.454205355594
237.03616813294232,11582.058482759408
238.03714565004887,11550.615261815587
239.03812316715542,11563.404135539524
240.03910068426197,11566.701876533389
241.04007820136852,11430.901863271667
242.04105571847506,11456.441494530898
243.0420332355816,11494.899414989215
244.0430107526882,11493.698924731181
245.04398826979474,11393.601173020526
246.0449657869013,11478.318776254262
247.04594330400784,11530.908540074632
248.04692082111438,11367.245062825095
249.04789833822093,11484.439307897896
250.04887585532748,11449.348836411653
251.04985337243403,11371.943448243363
252.05083088954058,11508.67302873929
253.05180840664713,11526.366368123796
254.05278592375367,11531.114768225549
255.05376344086022,11545.531810035844
256.05474095796677,11587.23920658195
257.0557184750733,11648.562938382125
258.05669599217987,11688.415221664696
259.0576735092864,11683.92085686847
260.05865102639297,11592.390359693403
261.0596285434995,11608.95562558592
262.06060606060606,11662.648666622332
263.0615835777126,11678.025790147743
264.06256109481916,11743.470185013168
265.0635386119257,11787.644107919034
266.06451612903226,11802.859774240778
267.0654936461388,11777.94525331719
268.06647116324535,11913.383955266072
269.0674486803519,11922.056328170955
270.06842619745845,11791.001797485666
271.069403714565,11915.665664085014
272.07038123167155,12068.788165030073
273.0713587487781,12173.786885515918
274.07233626588464,12183.018142832167
275.0733137829912,12036.24724589572
276.07429130009774,12224.238756225848
277.0752688172043,12419.206002599554
278.07624633431084,12212.410647417104
279.0772238514174,12262.175250757504
280.07820136852393,12421.553244582803
281.0791788856305,12579.817646084306
282.08015640273703,12466.721140116288
283.0811339198436,12607.429826598207
284.08211143695013,12685.586112228719
285.0830889540567,12652.621180206677
286.0840664711632,12674.652967083563
287.0850439882698,12907.468812327468
288.0860215053764,13087.837794555022
289.0869990224829,13085.64855068566
290.0879765395895,13104.742765978963
291.088954056696,13308.14292850346
292.0899315738026,13558.095176577488
293.0909090909091,13712.430917100528
294.09188660801567,13898.91554453158
295.0928641251222,14091.481158914408
296.09384164222877,14318.947214076255
297.0948191593353,14652.606386445099
298.09579667644186,15054.299881563142
299.0967741935484,15462.036026640759
300.09775171065496,15861.26882366842
301.0987292277615,16234.888646365062
302.09970674486806,16516.748059341044
303.1006842619746,16754.877848428114
304.10166177908116,16949.55316801722
305.1026392961877,16915.84598614154
306.10361681329425,16927.114474499023
307.1045943304008,16819.880450880664
308.10557184750735,16464.861199044488
309.1065493646139,16208.488839054682
310.10752688172045,15904.23613188065
311.108504398827,15560.772454301607
312.10948191593354,15186.60278639128
313.1104594330401,14747.809390637842
314.11143695014664,14524.967996752168
315.1124144672532,14427.525968939557
316.11339198435974,14162.36636175901
317.1143695014663,13954.15802953282
318.11534701857283,13830.655221510558
319.1163245356794,13786.638652667585
320.11730205278593,13762.314456743788
321.1182795698925,13801.965222145625
322.119257086999,13787.603225230592
323.1202346041056,13688.89795283282
324.1212121212121,13759.711395457894
325.1221896383187,13734.211865487307
326.1231671554252,13792.578921530469
327.12414467253177,14069.302471310193
328.1251221896383,13847.27282307949
329.12609970674487,13953.488559589614
330.1270772238514,14152.62252989501
331.12805474095796,14144.502505788689
332.1290322580645,14466.013274336285
333.13000977517106,14537.075492290878
334.1309872922776,14549.142393582295
335.13196480938416,15017.496449556866
336.1329423264907,14990.021897104603
337.13391984359725,15046.228426630305
338.1348973607038,15184.483368863013
339.13587487781035,15026.395406751722
340.1368523949169,14989.182227945446
341.13782991202345,14923.418224268707
342.13880742913,14775.982717295416
343.13978494623655,14497.276274201491
344.1407624633431,14288.341107265536
345.14173998044964,14142.79387167525
346.1427174975562,14051.821325334027
347.14369501466274,13846.890968912363
348.1446725317693,13802.557181138327
349.14565004887584,13834.873192784566
350.1466275659824,13880.708204646164
351.14760508308893,13918.518387010012
352.1485826001955,13905.362434877348
353.14956011730203,13882.685180204411
354.1505376344086,13905.636587771203
355.1515151515151,13995.37577549329
356.1524926686217,14073.677391157227
357.1534701857282,14141.050877885553
358.1544477028348,14208.424364613878
359.1554252199413,14355.412395727284
360.15640273704787,14532.811191594072
361.1573802541544,14744.365116376584
362.15835777126097,15027.926055024365
363.1593352883675,15307.319073594505
364.16031280547406,15640.6228507295
365.1612903225806,16028.757025858973
366.16226783968716,16400.69685827014
367.1632453567937,17015.196108757802
368.16422287390026,17637.182333007473
369.1652003910068,18188.2468882372
370.16617790811335,18755.467481264237
371.1671554252199,19311.663549473196
372.16813294232645,19657.42341345495
373.169110459433,19682.20619958885
374.17008797653955,19622.845042162222
375.1710654936461,19426.094373846
376.1720430107527,19032.655379534794
377.17302052785925,18384.934599105654
378.1739980449658,17870.71857289747
379.17497556207235,17226.6115993862
380.1759530791789,16552.33676949797
381.17693059628544,15962.435267570832
382.177908113392,15822.850941694147
383.17888563049854,15555.616277728066
384.1798631476051,15209.717815176753
385.18084066471164,14897.097982311865
386.1818181818182,14726.231558345144
387.18279569892474,14686.45280232456
388.1837732160313,14622.685386082969
389.18475073313783,14189.448643341226
390.1857282502444,14342.097678415013
391.18670576735093,14289.93019685423
392.1876832844575,14061.665663024382
393.188660801564,14090.647194700072
394.1896383186706,14089.312225209484
395.1906158357771,14105.533449821998
396.1915933528837,14131.194185045078
397.1925708699902,14088.773576513424
398.19354838709677,14023.29784786464
399.1945259042033,14038.698056230854
400.19550342130987,14126.445842281795
401.1964809384164,14052.023722050822
402.19745845552296,14003.296897019118
403.1984359726295,14025.654464431176
404.19941348973606,14114.243957745097
405.2003910068426,14065.869579594968
406.20136852394916,13919.112763580511
407.2023460410557,13837.623991935481
408.20332355816225,13893.217941220964
409.20430107526886,13925.24326356887
410.2052785923754,14015.229924688241
411.20625610948196,14078.553671071311
412.2072336265885,14059.276604587412
413.20821114369505,13923.626635776247
414.2091886608016,13966.536996074652
415.21016617790815,14031.49169474661
416.2111436950147,13999.419077523728
417.21212121212125,13967.369909068344
418.2130987292278,13997.363560609705
419.21407624633434,14061.542080581792
420.2150537634409,14134.638799416694
421.21603128054744,14028.123320120098
422.217008797654,13973.917058183391
423.21798631476054,13982.458205494364
424.2189638318671,14066.806049963445
425.21994134897363,14111.894511252382
426.2209188660802,14112.84906508981
427.22189638318673,14142.62045729723
428.2228739002933,14300.865970814453
429.2238514173998,14080.619983482064
430.2248289345064,14090.56581681038
431.2258064516129,14214.957727491575
432.2267839687195,14232.885683021841
433.227761485826,14414.746614435158
434.22873900293257,14364.891136691904
435.2297165200391,14220.06300316599
436.23069403714567,14266.376888285844
437.2316715542522,14224.521043629093
438.23264907135876,14282.156970704416
439.2336265884653,14353.714243789409
440.23460410557186,14234.85283585816
441.2355816226784,14234.189487931424
442.23655913978496,14215.078242281048
443.2375366568915,14245.356273228814
444.23851417399806,14511.486218030854
445.2394916911046,14284.106993557736
446.24046920821115,14248.641562449318
447.2414467253177,14367.819111080891
448.24242424242425,14344.610208290836
449.2434017595308,14257.674870358436
450.24437927663735,14266.550044562207
451.2453567937439,14332.268417277706
452.24633431085044,14296.3320516673
453.247311827957,14414.466716529543
454.24828934506354,14387.217259574294
455.2492668621701,14288.515999525875
456.25024437927664,14449.601453251853
457.2512218963832,14320.15208512594
458.25219941348973,14364.499266862169
459.2531769305963,14518.726996885991
460.25415444770283,14380.1185832148
461.2551319648094,14442.760751224823
462.2561094819159,14546.926323034622
463.2570869990225,14615.255328200452
464.258064516129,14502.036148362937
465.2590420332356,14447.336656159274
466.2600195503421,14508.803031401365
467.26099706744867,14613.210185229964
468.2619745845552,14514.162934661701
469.26295210166177,14530.906963802578
470.2639296187683,14597.03088631637
471.26490713587486,14653.3249738767
472.2658846529814,14560.280586979241
473.26686217008796,14667.932962712815
474.2678396871945,14670.830860229711
475.26881720430106,14601.864861376633
476.2697947214076,14709.24654550734
477.27077223851416,14660.799427862832
478.2717497556207,14758.623721912876
479.27272727272725,14941.231262361047
480.2737047898338,14899.179693750417
481.27468230694035,14946.71365206849
482.2756598240469,14998.605843542997
483.27663734115345,15018.691781224043
484.27761485826,14947.300742091067
485.27859237536654,15116.450160948807
486.2795698924731,15175.190561529274
487.28054740957964,15159.188198462387
488.2815249266862,15280.92870729967
489.2825024437928,15382.611812607547
490.28347996089934,15430.656859180986
491.2844574780059,15463.310008791048
492.28543499511244,15576.117392386826
493.286412512219,15655.680950176029
494.28739002932554,15685.406205728059
495.2883675464321,15658.57016661889
496.28934506353863,15562.988102955333
497.2903225806452,15435.679092893519
498.29130009775173,15365.621441973804
499.2922776148583,15362.808468385041
500.2932551319648,15431.296403766013
501.2942326490714,15380.585117173334
502.2952101661779,15402.918154088768
503.2961876832845,15417.268031660074
504.297165200391,15269.6445603637
505.29814271749757,15315.563358775258
506.2991202346041,15301.948068024598
507.30009775171067,15312.541705679023
508.3010752688172,15485.150027529478
509.30205278592376,15401.431104918205
510.3030303030303,15411.375547645126
511.30400782013686,15482.041263293646
512.3049853372434,15558.923572589478
513.3059628543499,15484.13699235592
514.3069403714564,15595.467628125089
515.307917888563,15697.151460640389
516.3088954056695,15589.957391451033
517.3098729227761,15810.217704182844
518.3108504398826,15898.55208427715
519.3118279569892,15881.188682917336
520.3128054740957,15788.681064233995
521.3137829912023,15839.974561719486
522.3147605083088,15891.829166721955
523.3157380254154,15878.106073875531
524.3167155425219,15769.92215570187
525.3176930596285,15855.28854017964
526.318670576735,15737.271246990416
527.3196480938416,15693.562883859893
528.3206256109481,15832.068747118183
529.3216031280547,15634.139607886538
530.3225806451612,15681.38734023128
531.3235581622678,15700.98317031538
532.3245356793743,15607.062935871189
533.3255131964809,15668.254768992416
534.3264907135874,15815.076978733829
535.327468230694,15836.565431628444
536.3284457478005,15737.439971294649
537.3294232649071,15911.325793752741
538.3304007820136,15801.172655529035
539.3313782991202,15741.061955965179
540.3323558162267,15781.046457164965
541.3333333333333,15775.754279959718
542.3343108504398,15926.161321354859
543.3352883675464,15919.159491306615
544.3362658846529,15843.182569606519
545.3372434017595,16095.129291599327
546.338220918866,16077.356595578549
547.3391984359725,16112.365958151615
548.3401759530791,16217.665059161222
549.3411534701856,16343.355125605765
550.3421309872922,16258.222828056078
551.3431085043987,16244.44357891138
552.3440860215054,16286.550607583818
553.345063538612,16329.709244856946
554.3460410557185,16188.394424822569
555.347018572825,16202.545397566788
556.3479960899316,16266.740190023402
557.3489736070381,16256.637438091198
558.3499511241447,16226.327747944142
559.3509286412512,16185.503243579487
560.3519061583578,16150.768230694037
561.3528836754643,16140.197317752305
562.3538611925709,16234.986855357089
563.3548387096774,16135.518914956012
564.355816226784,16058.223417130044
565.3567937438905,16117.164603060623
566.3577712609971,16249.211675067088
567.3587487781036,16197.292013781582
568.3597262952102,16223.03642751959
569.3607038123167,16360.432754752892
570.3616813294233,16281.508068036377
571.3626588465298,16266.741033616798
572.3636363636364,16204.203804535113
573.3646138807429,16159.41876150512
574.3655913978495,16429.02954949662
575.366568914956,16334.584158878813
576.3675464320626,16330.327734489148
577.3685239491691,16388.374504097486
578.3695014662757,16300.209438050137
579.3704789833822,16290.470110078217
580.3714565004888,16401.257415806973
581.3724340175953,16473.496577204543
582.3734115347019,16283.341273802831
583.3743890518084,16556.27482852629
584.375366568915,16570.88967724108
585.3763440860215,16517.008042063666
586.377321603128,16578.868399902545
587.3782991202346,16547.682930144667
588.3792766373411,16637.866764046696
589.3802541544477,16714.96709421898
590.3812316715542,16705.858202780906
591.3822091886608,16704.335803515343
592.3831867057673,16571.69457385086
593.3841642228739,16525.312188486114
594.3851417399804,16620.809234005705
595.386119257087,16718.242787001625
596.3870967741935,16825.885882497234
597.3880742913001,16806.072014890404
598.3890518084066,16709.619277172966
599.3900293255132,16764.467360302093
600.3910068426197,16849.45265886141
601.3919843597263,16818.99265299928
602.3929618768328,16775.852793964255
603.3939393939394,16921.463384800012
604.3949169110459,16889.626512584975
605.3958944281525,16934.406353786744
606.396871945259,16964.149927151524
607.3978494623656,16878.13781129974
608.3988269794721,16883.474325100004
609.3998044965787,17010.30871510145
610.4007820136852,17089.76362414467
611.4017595307918,17035.969436199128
612.4027370478983,17068.01292378943
613.4037145650049,16996.251278520853
614.4046920821114,17032.88035101208
615.405669599218,17189.693537211217
616.4066471163245,17169.094152331738
617.4076246334312,17195.846478366006
618.4086021505377,17256.12237231696
619.4095796676443,17326.38699164078
620.4105571847508,17358.4549212506
621.4115347018574,17173.3190195302
622.4125122189639,17327.868413512144
623.4134897360705,17554.360157596642
624.414467253177,17419.87768201592
625.4154447702836,17648.253679866895
626.4164222873901,17565.602733316904
627.4173998044967,17520.82956802699
628.4183773216032,17762.647115577773
629.4193548387098,17787.117154193056
630.4203323558163,17703.037011334713
631.4213098729228,17774.53071785901
632.4222873900294,18025.680793245047
633.423264907136,17967.56445153374
634.4242424242425,18053.89936057827
635.425219941349,18118.51162603138
636.4261974584556,18161.741847914633
637.4271749755621,18287.281111518412
638.4281524926687,18437.94508919844
639.4291300097752,18612.373075232954
640.4301075268818,18830.7871082832
641.4310850439883,19119.2951541159
642.4320625610949,19392.79597116363
643.4330400782014,19467.9833500491
644.434017595308,19609.33513878576
645.4349951124145,20008.524077809518
646.4359726295211,20483.356564883772
647.4369501466276,20973.54536704014
648.4379276637342,21589.76468333989
649.4389051808407,22385.151589999732
650.4398826979473,23387.661997637893
651.4408602150538,24542.386471043585
652.4418377321604,26305.81790038917
653.4428152492669,28354.85243383802
654.4437927663735,29826.427344132568
655.44477028348,31653.054699760025
656.4457478005866,32976.887676099046
657.4467253176931,33995.74823054423
658.4477028347997,34963.21208223137
659.4486803519062,34734.461085223884
660.4496578690128,33521.687215499405
661.4506353861193,31842.947668351815
662.4516129032259,30035.560400444883
663.4525904203324,28247.607456095877
664.453567937439,26723.742619146113
665.4545454545455,25315.15393195762
666.455522971652,24089.5087147563
667.4565004887586,23348.954358278388
668.4574780058651,22469.27270028603
669.4584555229717,21851.801148413786
670.4594330400782,21402.8393556039
671.4604105571848,20930.795965997695
672.4613880742913,20577.419405852634
673.4623655913979,20397.555720727414
674.4633431085044,20169.520168886138
675.464320625611,19782.531164927103
676.4652981427175,19606.475979506675
677.4662756598241,19533.55313728935
678.4672531769306,19370.70341290112
679.4682306940372,19134.478452923267
680.4692082111437,19076.004747081533
681.4701857282503,18944.447156266095
682.4711632453568,18943.998398104177
683.4721407624634,19002.006205467933
684.4731182795699,18975.077525146084
685.4740957966765,18842.278575845485
686.475073313783,18793.94530791789
687.4760508308896,18775.651129329046
688.4770283479961,18756.627281750505
689.4780058651027,18823.615777126102
690.4789833822092,18773.5374704865
691.4799608993158,18768.365015414696
692.4809384164223,18760.665567242115
693.4819159335289,18453.205960371044
694.4828934506354,18773.11739905258
695.483870967742,18796.057438724572
696.4848484848485,18705.111041127202
697.485826001955,18884.758310964822
698.4868035190616,18862.411622746124
699.4877810361681,18838.402932852558
700.4887585532747,18867.95375042235
701.4897360703812,18949.839907098216
702.4907135874878,18855.757274519638
703.4916911045943,18754.702683427542
704.4926686217009,18756.217957697158
705.4936461388074,18856.795846645127
706.494623655914,18974.103928834946
707.4956011730205,18921.582050436267
708.4965786901271,18732.5975184481
709.4975562072336,18641.60968050942
710.4985337243402,18860.205739841764
711.4995112414467,18685.015380255656
712.5004887585533,18771.697885365
713.5014662756598,18796.219593150905
714.5024437927664,18694.708211143687
715.5034213098729,18882.391495601172
716.5043988269795,18883.89020926107
717.505376344086,18845.55700544272
718.5063538611926,18817.29640658673
719.5073313782991,18836.620296878362
720.5083088954057,18854.41520416229
721.5092864125122,18796.405892276864
722.5102639296188,18776.045874613614
723.5112414467253,18850.579304566403
724.5122189638319,18764.781231671554
725.5131964809384,18746.13323845223
726.514173998045,18837.151769532415
727.5151515151515,18951.1946747225
728.516129032258,18828.199755696267
729.5171065493646,18904.16744928469
730.5180840664711,18950.231145024558
731.5190615835777,18969.312047955038
732.5200391006842,18983.139052186118
733.5210166177908,18902.689545401663
734.5219941348973,18895.278327016895
735.5229716520039,18921.94167254462
736.5239491691104,18960.117294492717
737.524926686217,18995.728250244378
738.5259042033235,19008.181772786287
739.5268817204301,19092.749469850056
740.5278592375366,19175.398068874103
741.5288367546432,19129.86770985598
742.5298142717497,19110.498949850044
743.5307917888563,19249.80081802747
744.5317693059628,19286.8484636475
745.5327468230694,19154.998547342984
746.5337243401759,19368.829657808485
747.5347018572825,19181.894791598057
748.535679374389,19169.3021300181
749.5366568914956,19291.595675906512
750.5376344086021,19237.321139734973
751.5386119257087,19419.067456252134
752.5395894428152,19350.26242924368
753.5405669599218,19311.349563148353
754.5415444770283,19465.986982351653
755.5425219941349,19373.64874627748
756.5434995112414,19405.33950608864
757.544477028348,19433.411997696392
758.5454545454545,19439.07348832781
759.546432062561,19460.019467046906
760.5474095796676,19532.889621634145
761.5483870967741,19536.254260617134
762.5493646138807,19533.36424532115
763.5503421309872,19567.70113305532
764.5513196480938,19487.71611811198
765.5522971652003,19466.37991111273
766.5532746823069,19600.645629194158
767.5542521994134,19750.8228402033
768.55522971652,19509.904338415232
769.5562072336265,19551.655085213988
770.5571847507331,19625.534886423447
771.5581622678396,19612.049167289006
772.5591397849462,19479.23005906875
773.5601173020527,19819.111313906007
774.5610948191593,19706.924873974738
775.5620723362658,19664.43546374338
776.5630498533724,19765.892309059465
777.564027370479,19756.55918535684
778.5650048875856,19706.97408439484
779.5659824046921,19784.387799127086
780.5669599217987,19850.03857467972
781.5679374389052,19781.32222338774
782.5689149560118,19726.836666469033
783.5698924731183,19732.212445024164
784.5708699902249,19775.787610255946
785.5718475073314,19835.95848592786
786.572825024438,19878.76856636399
787.5738025415445,19864.017542057958
788.5747800586511,19920.59796661228
789.5757575757576,19958.242188237517
790.5767350928642,19912.34657127317
791.5777126099707,19946.621287812228
792.5786901270773,20027.870276475947
793.5796676441838,19967.482156506267
794.5806451612904,19872.316953070054
795.5816226783969,20078.904992036747
796.5826001955035,20072.449529969577
797.58357771261,20083.45109404964
798.5845552297166,20054.780408090548
799.5855327468231,19981.21653261045
800.5865102639297,20143.495038891167
801.5874877810362,20136.056613707027
802.5884652981428,20060.851582732004
803.5894428152493,20057.88005361857
804.5904203323558,20321.007528864226
805.5913978494624,20097.509536510483
806.592375366569,20167.479025286688
807.5933528836755,20235.0459814287
808.594330400782,20168.455089537056
809.5953079178886,20265.3490880704
810.5962854349951,20241.342111162452
811.5972629521017,20282.880294979714
812.5982404692082,20338.722696482084
813.5992179863148,20300.01075268817
814.6001955034213,20403.155976933343
815.6011730205279,20344.085801735717
816.6021505376344,20331.345370300427
817.603128054741,20410.02924914467
818.6041055718475,20394.38897543988
819.6050830889541,20501.3098668133
820.6060606060606,20467.351160037877
821.6070381231672,20418.978335777123
822.6080156402737,20499.296728372436
823.6089931573803,20489.91256414956
824.6099706744868,20546.573294293794
825.6109481915934,20529.253115788008
826.6119257086999,20500.411186189118
827.6129032258065,20701.545839743758
828.613880742913,20565.058466070062
829.6148582600196,20636.51030137946
830.6158357771261,20756.551617951438
831.6168132942327,20777.725106586076
832.6177908113392,20653.190345068127
833.6187683284458,20661.08447950656
834.6197458455523,20804.196246885018
835.6207233626589,20924.586060514277
836.6217008797654,20805.04157930634
837.622678396872,20891.265171226245
838.6236559139785,20910.068692584267
839.624633431085,20945.751456515798
840.6256109481916,21023.544600583602
841.6265884652981,21092.502310146963
842.6275659824047,21217.78884601465
843.6285434995112,21276.64779583682
844.6295210166178,21352.54275852725
845.6304985337243,21514.072789784797
846.6314760508309,21578.398931166248
847.6324535679374,21920.496186457563
848.633431085044,22076.621498476223
849.6344086021505,22126.99539050121
850.6353861192571,22447.8416322697
851.6363636363636,22373.904385026737
852.6373411534702,22273.00697832212
853.6383186705767,22186.626710367433
854.6392961876833,22130.65086999023
855.6402737047898,22077.265402411213
856.6412512218964,22171.85668939355
857.6422287390029,22152.13704826175
858.6432062561095,21987.440955453156
859.644183773216,21736.03070815513
860.6451612903226,21894.74142907783
861.6461388074291,21784.465717078627
862.6471163245357,21607.8000612772
863.6480938416422,21513.275567677887
864.6490713587488,21654.02574486727
865.6500488758553,21548.884892373368
866.6510263929619,21656.63504594638
867.6520039100684,21689.989938951294
868.652981427175,21590.017083128874
869.6539589442815,21770.082952270583
870.654936461388,21656.52093362106
871.6559139784946,21649.993778318792
872.6568914956011,21656.986443866546
873.6578690127077,21572.397794131208
874.6588465298142,21704.602371862256
875.6598240469208,21637.32754200557
876.6608015640273,21625.83928880439
877.6617790811339,21728.619007516336
878.6627565982404,21916.822359320533
879.663734115347,21981.35078416545
880.6647116324535,21896.827470539796
881.6656891495601,21863.75977305606
882.6666666666666,21919.05721784777
883.6676441837732,21870.19059890241
884.6686217008797,21972.2666429786
885.6695992179863,22058.216636263573
886.6705767350928,22043.294152600432
887.6715542521994,21954.608288328254
888.6725317693059,22273.280405673442
889.6735092864125,22037.487523956872
890.674486803519,21996.75482576855
891.6754643206256,22144.548214548442
892.6764418377321,22265.825242434257
893.6774193548387,22262.670072955592
894.6783968719452,22213.540617800056
895.6793743890518,22208.62339380371
896.6803519061583,22250.393738956674
897.6813294232649,22275.655001218038
898.6823069403714,22475.951050965672
899.683284457478,22383.810873567272
900.6842619745845,22355.312243035278
901.685239491691,22491.815441224095
902.6862170087976,22399.453951080985
903.6871945259041,22593.179071567047
904.6881720430108,22571.416325075737
905.6891495601174,22489.190597319273
906.6901270772239,22521.37410821817
907.6911045943305,22614.59853364719
908.692082111437,22656.411561705096
909.6930596285436,22691.476100247237
910.6940371456501,22674.022073664328
911.6950146627566,22559.60269257319
912.6959921798632,22667.923324361185
913.6969696969697,22701.33132270573
914.6979472140763,22765.14440846317
915.6989247311828,22841.67891538102
916.6999022482894,22833.054663215607
917.7008797653959,22851.907857146503
918.7018572825025,22885.183881580568
919.702834799609,22886.76309435706
920.7038123167156,22868.725483059596
921.7047898338221,22928.863262743467
922.7057673509287,22953.016998280065
923.7067448680352,22952.4047245629
924.7077223851418,22957.361708375352
925.7086999022483,22972.33515911548
926.7096774193549,22923.990243404078
927.7106549364614,22963.74071281414
928.711632453568,22978.9875041761
929.7126099706745,22989.534488243095
930.7135874877811,23028.68110574754
931.7145650048876,23089.70665508816
932.7155425219942,23125.873872430537
933.7165200391007,23093.025745153627
934.7174975562073,23116.624621037845
935.7184750733138,23321.01300492472
936.7194525904204,23053.13461950746
937.7204301075269,23154.509125300352
938.7214076246335,23244.287022879478
939.72238514174,23208.422609869896
940.7233626588466,23080.323857149284
941.7243401759531,23243.716383713418
942.7253176930597,23349.324303121775
943.7262952101662,23320.84966065749
944.7272727272727,23230.16458798933
945.7282502443793,23310.338044950284
946.7292277614858,23508.045552297164
947.7302052785924,23529.684126315984
948.7311827956989,23498.143710530807
949.7321603128055,23500.023809246955
950.733137829912,23559.558554514988
951.7341153470186,23503.868164750424
952.7350928641251,23558.924456547033
953.7360703812317,23572.031440490642
954.7370478983382,23498.12914087107
955.7380254154448,23642.714782230905
956.7390029325513,23654.555992164336
957.7399804496579,23632.800477810983
958.7409579667644,23610.815166189554
959.741935483871,23608.157574444645
960.7429130009775,23624.162878969564
961.7438905180841,23619.758966358804
962.7448680351906,23665.821235491556
963.7458455522972,23731.546403234355
964.7468230694037,23780.1710626186
965.7478005865103,23877.324762808348
966.7487781036168,23892.0
967.7497556207234,23977.42906784653
968.7507331378299,24078.357726934446
969.7517106549365,24098.907223750317
970.752688172043,24172.168903602193
971.7536656891496,24056.256583076116
972.7546432062561,24095.49654214017
973.7556207233627,24212.024029656797
974.7565982404692,24182.145035209298
975.7575757575758,24288.937222543907
976.7585532746823,24393.81009473199
977.7595307917888,24340.19601201016
978.7605083088954,24291.576022401117
979.761485826002,24560.490265299388
980.7624633431085,24573.24157124979
981.763440860215,24514.119804652364
982.7644183773216,24572.863830933118
983.7653958944281,24632.243460176895
984.7663734115347,24385.15766065746
985.7673509286412,24767.204059616855
986.7683284457478,24965.060975552715
987.7693059628543,24914.925315356373
988.7702834799609,24820.468131695085
989.7712609970674,25110.558622963705
990.772238514174,25057.077368062477
991.7732160312805,25188.730340914935
992.7741935483871,25351.81476050831
993.7751710654936,25524.22094926733
994.7761485826002,25809.188232845503
995.7771260997067,26060.925555792186
996.7781036168133,26243.49530705973
997.7790811339198,26578.72977854127
998.7800586510264,27047.659678940614
999.7810361681329,27368.803303742545
1000.7820136852395,28084.621885526718
1001.782991202346,29645.923077286214
1002.7839687194526,30666.03723621872
1003.7849462365591,30970.66316259574
1004.7859237536657,31814.138626291784
1005.7869012707722,33682.35183120489
1006.7878787878788,36402.1549036692
1007.7888563049853,39976.55264175756
1008.7898338220919,44289.714671969625
1009.7908113391984,49092.32804677691
1010.791788856305,53503.543288536166
1011.7927663734115,56079.3376489424
1012.793743890518,56230.689327859254
1013.7947214076246,53912.77488038897
1014.7956989247311,49669.62238381332
1015.7966764418377,45048.97615640268
1016.7976539589442,41175.26550146624
1017.7986314760508,38035.32204105569
1018.7996089931573,35507.72868817202
1019.8005865102639,33376.04696774192
1020.8015640273704,32128.04710850439
1021.802541544477,31314.557660595736
1022.8035190615835,30583.65173311672
1023.8044965786901,29904.04471690746
1024.8054740957966,29587.4825717857
1025.8064516129032,29201.302900384857
1026.8074291300097,28816.22019022847
1027.8084066471163,28566.51124692961
1028.8093841642228,28465.208605910226
1029.8103616813294,28405.547059459353
1030.811339198436,28143.271700409812
1031.8123167155425,27983.837977980027
1032.813294232649,27720.19955800644
1033.8142717497558,27441.983216939872
1034.8152492668623,27462.756887497635
1035.816226783969,27091.90555397462
1036.8172043010754,26894.943554854206
1037.818181818182,26748.47386454763
1038.8191593352885,26658.17793006246
1039.820136852395,26707.978829615484
1040.8211143695016,26758.59005239053
1041.8220918866082,26520.334534260455
1042.8230694037147,26462.28580842865
1043.8240469208213,26566.047852835818
1044.8250244379278,26550.43103012728
1045.8260019550344,26388.15377615012
1046.826979472141,26368.473631770485
1047.8279569892475,26319.47039990333
1048.828934506354,26323.852028249894
1049.8299120234606,26506.74943292229
1050.8308895405671,26369.265773946197
1051.8318670576737,26332.85043517177
1052.8328445747802,26374.25646751229
1053.8338220918868,26384.134278161746
1054.8347996089933,26263.301489377744
1055.8357771260999,26154.67450801971
1056.8367546432064,26161.74956463901
1057.837732160313,26161.449330260795
1058.8387096774195,26159.678295742146
1059.839687194526,26180.96668348248
1060.8406647116326,26202.692079754084
1061.8416422287391,26201.746755531858
1062.8426197458457,26204.428270706965
1063.8435972629522,26199.081153580282
1064.8445747800588,26186.831629559558
1065.8455522971653,26221.459170376595
1066.846529814272,26165.04999571402
1067.8475073313784,26169.830598892153
1068.848484848485,26208.552936807697
1069.8494623655915,26239.100531504857
1070.850439882698,26225.509964781046
1071.8514173998046,26324.289393860698
1072.8523949169112,26353.58163841941
1073.8533724340177,26343.13905870065
1074.8543499511243,26351.45639581101
1075.8553274682308,26456.94801672726
1076.8563049853374,26298.04989354435
1077.857282502444,26146.51308384196
1078.8582600195505,26269.894962990675
1079.859237536657,26511.103050799342
1080.8602150537636,26422.803393032005
1081.8611925708701,26584.12128458826
1082.8621700879767,26421.684656134672
1083.8631476050832,26362.405690095555
1084.8641251221898,26406.98769747422
1085.8651026392963,26382.601897282606
1086.8660801564029,26459.351585842025
1087.8670576735094,26453.197177813512
1088.868035190616,26371.63822162892
1089.8690127077225,26331.42978168785
1090.869990224829,26417.460603062573
1091.8709677419356,26443.313129735223
1092.8719452590421,26309.79183465272
1093.8729227761487,26324.578165471015
1094.8739002932552,26455.247869281186
1095.8748778103618,26569.16489402861
1096.8758553274683,26429.28677572536
1097.876832844575,26429.66423945537
1098.8778103616814,26477.99743855777
1099.878787878788,26602.508836344074
1100.8797653958945,26727.62560067517
1101.880742913001,26642.122581593456
1102.8817204301076,26712.52277883538
1103.8826979472142,26551.73596369988
1104.8836754643207,26554.96951995773
1105.8846529814273,26665.88805414036
1106.8856304985338,26544.758970854808
1107.8866080156404,26557.7166086167
1108.887585532747,26626.714039866256
1109.8885630498535,26681.92392909722
1110.88954056696,26711.152817979983
1111.8905180840666,26715.68401680443
1112.8914956011731,26646.036713834237
1113.8924731182797,26777.698428854805
1114.8934506353862,26718.183612539113
1115.8944281524928,26642.312291782924
1116.8954056695993,26701.021694547675
1117.8963831867059,26728.578970322265
1118.8973607038124,26982.90661664314
1119.898338220919,26978.48824881964
1120.8993157380255,27009.320343604417
1121.900293255132,27176.56578278208
1122.9012707722386,27285.133748738488
1123.9022482893452,27228.35220400797
1124.9032258064517,27172.20536414492
1125.9042033235582,26973.55665083942
1126.9051808406648,26823.85425402287
1127.9061583577713,26991.57174531952
1128.907135874878,26727.943144785007
1129.9081133919844,26814.925902142062
1130.909090909091,26900.215955172163
1131.9100684261975,26969.422693630917
1132.911045943304,27020.46869923627
1133.9120234604106,26789.099200148416
1134.9130009775172,26928.50665854185
1135.9139784946237,27087.89926337104
1136.9149560117303,27044.948613703
1137.9159335288368,26866.43157221567
1138.9169110459434,26991.924388417054
1139.91788856305,26965.92497238831
1140.9188660801565,27027.178448884442
1141.919843597263,27048.49396827512
1142.9208211143696,27008.53503457837
1143.9217986314761,26980.599167959077
1144.9227761485827,27232.67311621499
1145.9237536656892,27270.0
1146.9247311827958,27233.518566075305
1147.9257086999023,27239.931576981475
1148.9266862170089,27311.995813365746
1149.9276637341154,27208.642850217348
1150.928641251222,27227.12939942303
1151.9296187683285,27247.081296044635
1152.930596285435,27315.532708676066
1153.9315738025416,27363.30910856643
1154.9325513196482,27189.891979985157
1155.9335288367547,27463.552228762856
1156.9345063538613,27399.757378504317
1157.9354838709678,27341.374891729443
1158.9364613880743,27349.724604240786
1159.937438905181,27362.6699622048
1160.9384164222874,27486.569459436225
1161.939393939394,27536.980225361836
1162.9403714565005,27569.17315107575
1163.941348973607,27561.574608117528
1164.9423264907136,27527.72882066186
1165.9433040078202,27575.86058391311
1166.9442815249267,27619.179088616547
1167.9452590420333,27604.318761397393
1168.9462365591398,27675.941963503905
1169.9472140762464,27777.286249991037
1170.948191593353,27720.993295317003
1171.9491691104595,27664.657692804485
1172.950146627566,27702.258210307195
1173.9511241446726,27799.438260672832
1174.9521016617791,27892.04705796055
1175.9530791788857,27958.855195112756
1176.9540566959922,28128.67846065773
1177.9550342130988,27883.357838236036
1178.9560117302053,27845.050358077435
1179.9569892473119,27922.016036866367
1180.9579667644184,27981.24988558425
1181.958944281525,27939.489295589206
1182.9599217986315,28227.117120912902
1183.960899315738,28201.999491691106
1184.9618768328446,28213.969537375066
1185.9628543499512,28198.365691225972
1186.9638318670577,28070.456927404408
1187.9648093841643,28217.53933808127
1188.9657869012708,28250.02926481769
1189.9667644183774,28198.10296513522
1190.967741935484,28278.701981868027
1191.9687194525904,28476.94625572614
1192.969696969697,28501.431105825217
1193.9706744868035,28273.899012811617
1194.97165200391,28232.667744892813
1195.9726295210166,28339.392046652487
1196.9736070381232,28486.942607836598
1197.9745845552297,28536.764823942933
1198.9755620723363,28334.439581123523
1199.9765395894428,28588.29719956936
1200.9775171065494,28564.151214377012
1201.978494623656,28599.16513245239
1202.9794721407625,28685.21331551081
1203.980449657869,28380.457945166276
1204.9814271749756,28598.346668202525
1205.9824046920821,28703.762542601246
1206.9833822091887,28839.197120884135
1207.9843597262952,28953.252205984707
1208.9853372434018,28942.188200643206
1209.9863147605083,28762.36312256593
1210.9872922776149,28951.3197441643
1211.9882697947214,28943.06348337141
1212.989247311828,28931.2092767254
1213.9902248289345,29013.894118872482
1214.991202346041,29116.527522715238
1215.9921798631476,28968.842315273294
1216.9931573802542,28881.497839046195
1217.9941348973607,28960.435404547865
1218.9951124144673,29069.693922567825
1219.9960899315738,29066.400990337006
1220.9970674486804,28967.944185375705
1221.998044965787,29258.14565004885
1222.9990224828935,29181.654217958247
1224.0,28980.473338802265
