Raman Shift,Intensity 
400,13.23734961
401,13.1812372
402,13.21065946
403,13.16902035
404,13.20623409
405,13.25247789
406,13.05648139
407,13.19916189
408,13.16009366
409,13.2141675
410,13.26123301
411,13.15412115
412,13.16365785
413,13.12981243
414,13.290368
415,13.20797392
416,13.27474017
417,13.21868626
418,13.26727967
419,13.13736211
420,13.11489147
421,13.20058806
422,13.21589427
423,13.22175179
424,13.25101149
425,13.20960532
426,13.24677484
427,13.15684283
428,13.20598894
429,13.20176091
430,13.20992626
431,13.20586375
432,13.19639913
433,13.17151051
434,13.1712767
435,13.19315958
436,13.18699776
437,13.32444284
438,13.20600205
439,13.23121832
440,13.25744922
441,13.2008725
442,13.27087626
443,13.18524722
444,13.17818914
445,13.25215984
446,13.1912456
447,13.18134516
448,13.14570597
449,13.19140789
450,13.27274051
451,13.20256157
452,13.20011784
453,13.19199151
454,13.23673911
455,13.21405107
456,13.2795846
457,13.21658166
458,13.19185083
459,13.25517219
460,13.09798795
461,13.12227047
462,13.25611807
463,13.15425386
464,13.17824965
465,13.24398331
466,13.20219398
467,13.20683225
468,13.14927723
469,13.19941094
470,13.23095748
471,13.34592073
472,13.15443002
473,13.14101063
474,13.17058313
475,13.08722422
476,13.24506017
477,13.09645421
478,13.18588962
479,13.20307459
480,13.16281569
481,13.18100933
482,13.25533147
483,13.27840551
484,13.17982866
485,13.20117604
486,13.33028597
487,13.08712623
488,13.21516613
489,13.24104782
490,13.21805108
491,13.2325739
492,13.19985261
493,13.22978196
494,13.21999499
495,13.15028035
496,13.19944883
497,13.19986444
498,13.22542438
499,13.18544608
500,13.21473319
501,13.14599303
502,13.24916412
503,13.17197646
504,13.17632283
505,13.20485855
506,13.28495848
507,13.14954436
508,13.25560946
509,13.22500011
510,13.11967286
511,13.1858654
512,13.17008341
513,13.23388537
514,13.16280841
515,13.30433115
516,13.13934108
517,13.14067114
518,13.21282223
519,13.10878878
520,13.32436181
521,13.17633819
522,13.24361396
523,13.20755436
524,13.1986256
525,13.09210444
526,13.22265111
527,13.16862318
528,13.2006925
529,13.24840146
530,13.15445676
531,13.21372882
532,13.22873805
533,13.21168051
534,13.19537492
535,13.24703152
536,13.22197328
537,13.21974084
538,13.18184077
539,13.21072833
540,13.17960563
541,13.19212138
542,13.22250515
543,13.0681287
544,13.22731556
545,13.17382266
546,13.11441494
547,13.19616674
548,13.20354262
549,13.23056984
550,13.27677875
551,13.25328902
552,13.18618925
553,13.16635704
554,13.2251683
555,13.20580823
556,13.24148887
557,13.20265358
558,13.18716268
559,13.09119068
560,13.20435305
561,13.19729115
562,13.30199508
563,13.17447896
564,13.2500888
565,13.125428
566,13.17990576
567,13.18948871
568,13.22362671
569,13.18245423
570,13.20905935
571,13.12180858
572,13.17436894
573,13.28071872
574,13.17659798
575,13.27546143
576,13.20141984
577,13.24583334
578,13.23396059
579,13.20070256
580,13.25610467
581,13.20914327
582,13.18984731
583,13.24247085
584,13.21060004
585,13.13136928
586,13.24524157
587,13.19482506
588,13.14497665
589,13.34027691
590,13.19771094
591,13.22161366
592,13.22861048
593,13.32138772
594,13.17847853
595,13.24426616
596,13.10120491
597,13.21873269
598,13.17024213
599,13.21592603
600,13.18528742
601,13.1739122
602,13.16060701
603,13.19595924
604,13.06567752
605,13.28043793
606,13.19096703
607,13.25258228
608,13.18008446
609,13.25676977
610,13.26568012
611,13.18736342
612,13.22262871
613,13.23158069
614,13.25873966
615,13.16411568
616,13.17484944
617,13.28945645
618,13.19672116
619,13.20730807
620,13.21387601
621,13.16084583
622,13.17042784
623,13.21990803
624,13.16023236
625,13.1796029
626,13.23108274
627,13.1523886
628,13.17452359
629,13.20388893
630,13.19012728
631,13.1726134
632,13.19810516
633,13.20508896
634,13.21950189
635,13.25790223
636,13.13135082
637,13.16788933
638,13.22151084
639,13.16614132
640,13.20795106
641,13.28898244
642,13.181993
643,13.19589965
644,13.27207429
645,13.23023526
646,13.13524366
647,13.27633927
648,13.17694343
649,13.32349239
650,13.27122955
651,13.20049617
652,13.28394263
653,13.2002211
654,13.12101872
655,13.23156258
656,13.24067435
657,13.19664414
658,13.19867211
659,13.24765127
660,13.24929066
661,13.25757294
662,13.26567513
663,13.14902074
664,13.16640295
665,13.18498369
666,13.1359117
667,13.20319711
668,13.25848438
669,13.18831797
670,13.21260962
671,13.21888414
672,13.24931866
673,13.19471304
674,13.25354414
675,13.22967716
676,13.12032316
677,13.20730056
678,13.12867171
679,13.27750435
680,13.18742591
681,13.26125361
682,13.19331029
683,13.20617566
684,13.1990709
685,13.23262857
686,13.12337255
687,13.2043693
688,13.21880738
689,13.29313715
690,13.21267055
691,13.1144883
692,13.20313855
693,13.2705115
694,13.193314
695,13.20735352
696,13.18651143
697,13.29087101
698,13.14742029
699,13.24845922
700,13.11681154
701,13.2147682
702,13.24935823
703,13.2084162
704,13.28020002
705,13.12770126
706,13.24144495
707,13.2353845
708,13.22450751
709,13.17908948
710,13.19705296
711,13.20058585
712,13.22140976
713,13.23207069
714,13.13978609
715,13.21482148
716,13.22633514
717,13.16521471
718,13.21778661
719,13.2130503
720,13.11146615
721,13.18765686
722,13.17696395
723,13.2012735
724,13.21070868
725,13.18733773
726,13.13348447
727,13.19773071
728,13.17930053
729,13.23226531
730,13.17432034
731,13.28048912
732,13.20999802
733,13.27939631
734,13.18441945
735,13.13452476
736,13.19020655
737,13.18475795
738,13.20084362
739,13.19201392
740,13.18437441
741,13.19697541
742,13.20831528
743,13.18167373
744,13.14554494
745,13.17313043
746,13.15756587
747,13.20852935
748,13.18670612
749,13.17293745
750,13.05040069
751,13.19737677
752,13.21169698
753,13.25366567
754,13.19631846
755,13.22119057
756,13.17673084
757,13.268112
758,13.21262887
759,13.22607157
760,13.14349416
761,13.19616796
762,13.20221349
763,13.27451509
764,13.18235342
765,13.20518604
766,13.21234258
767,13.2492757
768,13.14840286
769,13.19298179
770,13.18231505
771,13.17433982
772,13.18515321
773,13.17363065
774,13.14443256
775,13.18324304
776,13.1744955
777,13.22866519
778,13.26680161
779,13.15844112
780,13.18698854
781,13.16307577
782,13.24660812
783,13.18242233
784,13.21710395
785,13.17846619
786,13.1903132
787,13.20139751
788,13.21416781
789,13.12925182
790,13.17251204
791,13.20663448
792,13.25815324
793,13.20469336
794,13.21143024
795,13.25267541
796,13.17622486
797,13.22298401
798,13.21117608
799,13.1598203
800,13.25641937
801,13.14918172
802,13.19019755
803,13.21949194
804,13.18611461
805,13.27120037
806,13.14608792
807,13.2204535
808,13.18476731
809,13.14519382
810,13.1853024
811,13.20397368
812,13.20960292
813,13.1778602
814,13.22973503
815,13.16641349
816,13.1957488
817,13.16933154
818,13.21482661
819,13.15625028
820,13.27340992
821,13.12046224
822,13.22473631
823,13.13677262
824,13.23481811
825,13.2124745
826,13.15234058
827,13.185051
828,13.23837749
829,13.19404674
830,13.2228509
831,13.23167496
832,13.18567504
833,13.21973106
834,13.21829669
835,13.20357624
836,13.15490489
837,13.26686747
838,13.28144117
839,13.08932284
840,13.24562125
841,13.25060384
842,13.23030195
843,13.31443183
844,13.22713273
845,13.17769495
846,13.18050994
847,13.2037582
848,13.19430562
849,13.15934551
850,13.25275892
851,13.23714874
852,13.28013912
853,13.18323853
854,13.20218801
855,13.20903095
856,13.27084429
857,13.13464766
858,13.24399486
859,13.25792622
860,13.28458143
861,13.24580123
862,13.299834
863,13.17284954
864,13.27240787
865,13.24307941
866,13.32703846
867,13.25379954
868,13.30539191
869,13.26889042
870,13.30661907
871,13.27567764
872,13.1967909
873,13.2849642
874,13.33270144
875,13.26785305
876,13.25068414
877,13.20383094
878,13.25690223
879,13.22538913
880,13.33268857
881,13.34395537
882,13.36240566
883,13.28176161
884,13.28378971
885,13.32120426
886,13.41160691
887,13.28236915
888,13.30814618
889,13.27054389
890,13.31828487
891,13.26686823
892,13.38825486
893,13.40812383
894,13.24904316
895,13.27292129
896,13.40642612
897,13.39500024
898,13.36869619
899,13.25390533
900,13.36564322
901,13.48062401
902,13.41776725
903,13.31105199
904,13.38954072
905,13.32790153
906,13.33471051
907,13.39686926
908,13.32203807
909,13.35635037
910,13.39424742
911,13.40676032
912,13.3909039
913,13.43167008
914,13.30730102
915,13.34011709
916,13.32771187
917,13.37582825
918,13.43660765
919,13.42223437
920,13.38288276
921,13.44498018
922,13.35604466
923,13.37443539
924,13.41875641
925,13.42094082
926,13.3470841
927,13.45770637
928,13.4260686
929,13.45608522
930,13.46023184
931,13.42670996
932,13.42795477
933,13.38941312
934,13.48387915
935,13.45003343
936,13.46093383
937,13.42026435
938,13.48361645
939,13.4964874
940,13.47798498
941,13.53003296
942,13.51078124
943,13.45756759
944,13.43029833
945,13.44039611
946,13.4679697
947,13.51384382
948,13.47759888
949,13.4218162
950,13.44269931
951,13.45800488
952,13.555694
953,13.44665079
954,13.60170983
955,13.5500472
956,13.53511198
957,13.53934531
958,13.55623975
959,13.54121981
960,13.46857816
961,13.49673862
962,13.49414673
963,13.54843828
964,13.58599763
965,13.62939944
966,13.49496804
967,13.49837561
968,13.55518934
969,13.55754086
970,13.58704343
971,13.6284799
972,13.60009305
973,13.55238424
974,13.56586218
975,13.65281949
976,13.60240883
977,13.49555932
978,13.59030843
979,13.57201026
980,13.68746607
981,13.5879639
982,13.57632444
983,13.58091233
984,13.45945211
985,13.67954415
986,13.62143104
987,13.57974497
988,13.6085851
989,13.52286406
990,13.59627111
991,13.63738299
992,13.62517239
993,13.52858207
994,13.60119994
995,13.54651926
996,13.51434555
997,13.56225116
998,13.6850373
999,13.68445392
1000,13.57535713
1001,13.61147917
1002,13.64913888
1003,13.56693992
1004,13.58443495
1005,13.61771769
1006,13.57896395
1007,13.61767796
1008,13.58984137
1009,13.65592786
1010,13.69420149
1011,13.57482858
1012,13.61430043
1013,13.65210729
1014,13.72652792
1015,13.57560883
1016,13.66337456
1017,13.66759686
1018,13.61940689
1019,13.66623682
1020,13.67714168
1021,13.63074683
1022,13.57200822
1023,13.6291511
1024,13.68564947
1025,13.63965288
1026,13.48906277
1027,13.52263067
1028,13.64718694
1029,13.56117422
1030,13.60216847
1031,13.61363848
1032,13.59555541
1033,13.46284808
1034,13.57682297
1035,13.55295491
1036,13.46726746
1037,13.58317374
1038,13.51105731
1039,13.59517747
1040,13.51987167
1041,13.54712963
1042,13.55221777
1043,13.56265215
1044,13.47896581
1045,13.57557478
1046,13.55822749
1047,13.5199405
1048,13.55249899
1049,13.55779235
1050,13.52249623
1051,13.50892418
1052,13.51753349
1053,13.40481737
1054,13.52496011
1055,13.44274338
1056,13.49810447
1057,13.59620333
1058,13.54018914
1059,13.54673642
1060,13.52250909
1061,13.41222759
1062,13.49432674
1063,13.42043974
1064,13.51230076
1065,13.53007108
1066,13.37033058
1067,13.49323854
1068,13.54478299
1069,13.50935295
1070,13.38266611
1071,13.43056747
1072,13.40780731
1073,13.45423743
1074,13.5352105
1075,13.36596926
1076,13.49341244
1077,13.56775834
1078,13.33045954
1079,13.41397949
1080,13.39479831
1081,13.36493696
1082,13.36662425
1083,13.37828498
1084,13.44026321
1085,13.37225464
1086,13.3439739
1087,13.37854505
1088,13.32373194
1089,13.42684247
1090,13.45972402
1091,13.40981058
1092,13.37342455
1093,13.36138325
1094,13.34810137
1095,13.39150746
1096,13.43636172
1097,13.38642925
1098,13.38768471
1099,13.39057738
1100,13.35772163
1101,13.47562603
1102,13.41769912
1103,13.38068376
1104,13.31480753
1105,13.3461585
1106,13.38192513
1107,13.30858763
1108,13.39665813
1109,13.38221104
1110,13.35788585
1111,13.35079885
1112,13.39122357
1113,13.31533267
1114,13.30891856
1115,13.29081116
1116,13.33390082
1117,13.20735704
1118,13.38982462
1119,13.241567
1120,13.29679755
1121,13.31559969
1122,13.26886215
1123,13.1931301
1124,13.33633158
1125,13.30907486
1126,13.27140754
1127,13.29239166
1128,13.33697331
1129,13.34306202
1130,13.26223995
1131,13.18148365
1132,13.27257264
1133,13.27798845
1134,13.31149367
1135,13.33396372
1136,13.31841684
1137,13.28192804
1138,13.17700143
1139,13.27496403
1140,13.23440281
1141,13.25889862
1142,13.21692992
1143,13.14255657
1144,13.28698235
1145,13.20485129
1146,13.33592142
1147,13.30211009
1148,13.25245264
1149,13.19761122
1150,13.22320257
1151,13.25276893
1152,13.19032767
1153,13.35940809
1154,13.22061928
1155,13.15737115
1156,13.29291731
1157,13.23752537
1158,13.23402304
1159,13.23735551
1160,13.2201507
1161,13.16274827
1162,13.19213339
1163,13.27424804
1164,13.30340771
1165,13.31032073
1166,13.23806026
1167,13.18980339
1168,13.2065899
1169,13.28580766
1170,13.25712778
1171,13.2386975
1172,13.17928894
1173,13.23055154
1174,13.25854005
1175,13.24917307
1176,13.30466695
1177,13.1976803
1178,13.25951756
1179,13.29817109
1180,13.24998245
1181,13.23590783
1182,13.26156096
1183,13.24958741
1184,13.2193664
1185,13.17128903
1186,13.21941186
1187,13.14286463
1188,13.21959864
1189,13.166235
1190,13.23372099
1191,13.21748417
1192,13.26279525
1193,13.27976746
1194,13.19518521
1195,13.19228711
1196,13.20001655
1197,13.19914141
1198,13.24669665
1199,13.20999751
1200,13.23462331
1201,13.15439742
1202,13.20007171
1203,13.23394464
1204,13.19472444
1205,13.1573772
1206,13.19977765
1207,13.23954949
1208,13.23199314
1209,13.09989883
1210,13.17556126
1211,13.18653825
1212,13.16985195
1213,13.20511615
1214,13.25271829
1215,13.1645579
1216,13.17703113
1217,13.13228495
1218,13.15139044
1219,13.15580811
1220,13.2868462
1221,13.24857442
1222,13.15730496
1223,13.21559889
1224,13.19970561
1225,13.17583438
1226,13.17560356
1227,13.22922768
1228,13.26549928
1229,13.20228423
1230,13.24200853
1231,13.13283583
1232,13.28641072
1233,13.17250603
1234,13.27169979
1235,13.08253417
1236,13.22323061
1237,13.2108964
1238,13.18240481
1239,13.24066622
1240,13.22100351
1241,13.22881737
1242,13.17344581
1243,13.20109543
1244,13.13486733
1245,13.21349137
1246,13.24053963
1247,13.2331991
1248,13.04935831
1249,13.11532902
1250,13.15832746
1251,13.27282176
1252,13.24333013
1253,13.14341773
1254,13.22498143
1255,13.23503774
1256,13.2803823
1257,13.17114229
1258,13.28963545
1259,13.14442647
1260,13.14780534
1261,13.20587011
1262,13.17383578
1263,13.28135342
1264,13.16172315
1265,13.19817365
1266,13.10161215
1267,13.19430563
1268,13.24217969
1269,13.22765628
1270,13.19749557
1271,13.13860538
1272,13.12535163
1273,13.26310962
1274,13.21155096
1275,13.17710513
1276,13.15695753
1277,13.23462819
1278,13.13416479
1279,13.22729387
1280,13.12846723
1281,13.12520503
1282,13.16777384
1283,13.23923649
1284,13.25454081
1285,13.24194509
1286,13.2094764
1287,13.22579361
1288,13.25693234
1289,13.27814326
1290,13.15264491
1291,13.22379154
1292,13.16019733
1293,13.24361902
1294,13.19570561
1295,13.1980907
1296,13.29351642
1297,13.20839463
1298,13.16737786
1299,13.20698226
1300,13.21202586
1301,13.1774927
1302,13.19922022
1303,13.21335906
1304,13.20648442
1305,13.13021078
1306,13.1343605
1307,13.15523273
1308,13.22185027
1309,13.14960754
1310,13.1945191
1311,13.19856314
1312,13.16895669
1313,13.15303815
1314,13.17397913
1315,13.23830791
1316,13.12513957
1317,13.24165242
1318,13.19816012
1319,13.21645219
1320,13.14093353
1321,13.21978999
1322,13.15606456
1323,13.24028248
1324,13.18740874
1325,13.1740089
1326,13.23090549
1327,13.17206798
1328,13.12930396
1329,13.23556599
1330,13.19703198
1331,13.25041604
1332,13.21614701
1333,13.22540722
1334,13.19895435
1335,13.1882794
1336,13.26447256
1337,13.12253124
1338,13.19440638
1339,13.17983128
1340,13.20647563
1341,13.18650964
1342,13.17278251
1343,13.2081027
1344,13.13340776
1345,13.27757432
1346,13.2529381
1347,13.21368911
1348,13.22072954
1349,13.21242407
1350,13.15958262
1351,13.19758926
1352,13.25170846
1353,13.20892478
1354,13.23783727
1355,13.19805735
1356,13.09510521
1357,13.16447479
1358,13.21388988
1359,13.23971948
1360,13.07146691
1361,13.21973525
1362,13.1691324
1363,13.12514985
1364,13.10578046
1365,13.2631734
1366,13.09980557
1367,13.20684385
1368,13.16194997
1369,13.12542784
1370,13.17426499
1371,13.18390848
1372,13.267131
1373,13.24326157
1374,13.24157771
1375,13.16272527
1376,13.21554351
1377,13.232692
1378,13.2128976
1379,13.27916614
1380,13.24398822
1381,13.26395386
1382,13.1267196
1383,13.17693945
1384,13.12214256
1385,13.15996726
1386,13.22741963
1387,13.17459116
1388,13.23856445
1389,13.18619579
1390,13.22022328
1391,13.12266094
1392,13.23038639
1393,13.22780079
1394,13.19594127
1395,13.29113899
1396,13.26458935
1397,13.07377831
1398,13.19038317
1399,13.20129296
1400,13.16052776
1401,13.1720887
1402,13.25872393
1403,13.10717131
1404,13.25159758
1405,13.09892514
1406,13.19954641
1407,13.21445838
1408,13.22319173
1409,13.19760381
1410,13.06112576
1411,13.2530182
1412,13.18694702
1413,13.26818878
1414,13.12879939
1415,13.19152345
1416,13.21481362
1417,13.18393141
1418,13.26800212
1419,13.13290779
1420,13.22397847
1421,13.20490921
1422,13.24019215
1423,13.21593544
1424,13.22626516
1425,13.22333838
1426,13.08977155
1427,13.17058401
1428,13.29098525
1429,13.16024843
1430,13.17217155
1431,13.19026955
1432,13.23781162
1433,13.13059163
1434,13.14197102
1435,13.25991002
1436,13.19649578
1437,13.22749036
1438,13.27464095
1439,13.23720047
1440,13.20706215
1441,13.22280764
1442,13.13504712
1443,13.22059837
1444,13.23510187
1445,13.21655874
1446,13.24312185
1447,13.19132321
1448,13.23665547
1449,13.22099006
1450,13.25110176
1451,13.23681373
1452,13.2478287
1453,13.165145
1454,13.28308401
1455,13.20855694
1456,13.16171509
1457,13.18516741
1458,13.17729032
1459,13.09880171
1460,13.18127323
1461,13.13032461
1462,13.23536257
1463,13.17576662
1464,13.23396005
1465,13.13905062
1466,13.11109008
1467,13.24439524
1468,13.26851625
1469,13.18198352
1470,13.23986297
1471,13.20289872
1472,13.19488253
1473,13.20869333
1474,13.31696683
1475,13.24318344
1476,13.17896828
1477,13.16289916
1478,13.10846792
1479,13.22437945
1480,13.25723088
1481,13.20631206
1482,13.19481299
1483,13.1577316
1484,13.13011524
1485,13.2269073
1486,13.17502661
1487,13.15918991
1488,13.28661116
1489,13.15761676
1490,13.16871293
1491,13.20086306
1492,13.2118325
1493,13.14328485
1494,13.2440983
1495,13.1411316
1496,13.25051516
1497,13.13601954
1498,13.16115338
1499,13.16608771
1500,13.16039068
1501,13.1482786
1502,13.18922329
1503,13.221824
1504,13.16578254
1505,13.19729095
1506,13.21029482
1507,13.14266411
1508,13.20147669
1509,13.19847741
1510,13.11930143
1511,13.18775473
1512,13.16471018
1513,13.18603123
1514,13.1610289
1515,13.22782861
1516,13.12062542
1517,13.31688348
1518,13.15204395
1519,13.31889591
1520,13.2612909
1521,13.08977894
1522,13.21476918
1523,13.15810396
1524,13.20427287
1525,13.22921571
1526,13.15634006
1527,13.2105207
1528,13.23684497
1529,13.22206017
1530,13.21898593
1531,13.14372209
1532,13.25131986
1533,13.24615544
1534,13.19391813
1535,13.2287149
1536,13.23774289
1537,13.23154176
1538,13.20259942
1539,13.16768935
1540,13.27583479
1541,13.26314229
1542,13.20335744
1543,13.12459296
1544,13.23310348
1545,13.20810572
1546,13.26302025
1547,13.28906008
1548,13.21717245
1549,13.17775147
1550,13.13909544
1551,13.22455977
1552,13.18298485
1553,13.08272812
1554,13.25911364
1555,13.10843151
1556,13.20493776
1557,13.21997795
1558,13.15870822
1559,13.24528699
1560,13.19776691
1561,13.3036683
1562,13.1602469
1563,13.29634957
1564,13.20500404
1565,13.15414037
1566,13.20418264
1567,13.14338732
1568,13.27052052
1569,13.18968095
1570,13.23379735
1571,13.19386785
1572,13.16792229
1573,13.11280609
1574,13.25130349
1575,13.2903146
1576,13.23900094
1577,13.18518735
1578,13.21054165
1579,13.19451142
1580,13.15356025
1581,13.22110477
1582,13.1407534
1583,13.18661982
1584,13.21109357
1585,13.23794278
1586,13.13872971
1587,13.15937456
1588,13.14574568
1589,13.1851249
1590,13.16730168
1591,13.29967488
1592,13.24714619
1593,13.19713923
1594,13.34254337
1595,13.18155085
1596,13.17416886
1597,13.23804283
1598,13.16553758
1599,13.21915945
1600,13.23279148
1601,13.15303744
1602,13.12672324
1603,13.20897149
1604,13.17426246
1605,13.27770285
1606,13.24837072
1607,13.16303965
1608,13.06421323
1609,13.16492303
1610,13.2207356
1611,13.20778776
1612,13.18275003
1613,13.178712
1614,13.28515146
1615,13.13335903
1616,13.26139397
1617,13.13128386
1618,13.09491504
1619,13.22454725
1620,13.21484868
1621,13.20345956
1622,13.18775523
1623,13.29444144
1624,13.12495185
1625,13.17614554
1626,13.201131
1627,13.28127695
1628,13.14954919
1629,13.24852027
1630,13.14521943
1631,13.09390419
1632,13.30496035
1633,13.14508415
1634,13.2478433
1635,13.12996719
1636,13.20653995
1637,13.16503881
1638,13.23302678
1639,13.20024959
1640,13.14645976
1641,13.21522815
1642,13.1851612
1643,13.31173962
1644,13.1837835
1645,13.33503461
1646,13.16976961
1647,13.18953869
1648,13.20017695
1649,13.20391381
1650,13.22829094
1651,13.16289178
1652,13.18044204
1653,13.188363
1654,13.28941525
1655,13.2458664
1656,13.22575955
1657,13.12958633
1658,13.15154419
1659,13.11862733
1660,13.13970405
1661,13.18863511
1662,13.17225696
1663,13.10728481
1664,13.21510796
1665,13.26710709
1666,13.25752688
1667,13.16362107
1668,13.10592583
1669,13.33834039
1670,13.23368082
1671,13.20797051
1672,13.19047516
1673,13.27787856
1674,13.18731105
1675,13.20374346
1676,13.24705731
1677,13.12734741
1678,13.11159746
1679,13.14512836
1680,13.17115612
1681,13.15264882
1682,13.19467757
1683,13.16928297
1684,13.16216106
1685,13.19914144
1686,13.1730631
1687,13.13648898
1688,13.2362182
1689,13.28379947
1690,13.27483929
1691,13.11525082
1692,13.20928836
1693,13.1724061
1694,13.23308454
1695,13.12252087
1696,13.25138999
1697,13.15459238
1698,13.28302358
1699,13.17987334
1700,13.16611674
1701,13.20424849
1702,13.21071156
1703,13.12934674
1704,13.17700587
1705,13.21946746
1706,13.25803378
1707,13.1659858
1708,13.17190047
1709,13.16636543
1710,13.24245736
1711,13.21821417
1712,13.17719707
1713,13.15236491
1714,13.226935
1715,13.2262708
1716,13.23378236
1717,13.19319142
1718,13.16477098
1719,13.2534104
1720,13.20758597
1721,13.10450384
1722,13.22795442
1723,13.17845222
1724,13.29554333
1725,13.12268616
1726,13.28708366
1727,13.25490914
1728,13.13351153
1729,13.19684604
1730,13.26913035
1731,13.21437799
1732,13.2381081
1733,13.24921063
1734,13.22465647
1735,13.15106026
1736,13.2747305
1737,13.21652593
1738,13.34723691
1739,13.18017534
1740,13.20647991
1741,13.23228264
1742,13.2099217
1743,13.28558982
1744,13.25349936
1745,13.18728393
1746,13.23786722
1747,13.18919417
1748,13.23561955
1749,13.22311189
1750,13.12800849
1751,13.11466892
1752,13.21327767
1753,13.21189325
1754,13.24450237
1755,13.20656299
1756,13.12954244
1757,13.14738222
1758,13.22761094
1759,13.25571657
1760,13.21660912
1761,13.23774338
1762,13.27531247
1763,13.14668664
1764,13.20220949
1765,13.22608291
1766,13.32698377
1767,13.26243278
1768,13.1762608
1769,13.18231507
1770,13.20731181
1771,13.18332327
1772,13.20573662
1773,13.11522694
1774,13.26287609
1775,13.22417785
1776,13.31865596
1777,13.2155866
1778,13.23014719
1779,13.19678869
1780,13.17103389
1781,13.18005573
1782,13.14322801
1783,13.23833493
1784,13.17761851
1785,13.24694492
1786,13.24496201
1787,13.1027454
1788,13.21002151
1789,13.23669354
1790,13.19140404
1791,13.24493335
1792,13.17943574
1793,13.19945557
1794,13.2018684
1795,13.15284894
1796,13.29437246
1797,13.18973039
1798,13.17275562
1799,13.20568095
1800,13.08071845
1801,13.20903876
1802,13.26106906
1803,13.15932698
1804,13.28157857
1805,13.15682627
1806,13.25062854
1807,13.12590277
1808,13.1051028
1809,13.27100656
1810,13.26497053
1811,13.18410352
1812,13.27791244
1813,13.16503762
1814,13.11887041
1815,13.24775944
1816,13.21401669
1817,13.16323665
1818,13.18331832
1819,13.16771705
1820,13.28324387
1821,13.24594361
1822,13.14648704
1823,13.30580817
1824,13.26483624
1825,13.22900515
1826,13.18282233
1827,13.23773117
1828,13.25973027
1829,13.2357196
1830,13.23974099
1831,13.18881754
1832,13.20201422
1833,13.16321586
1834,13.16477497
1835,13.23155927
1836,13.2620143
1837,13.23650517
1838,13.21038005
1839,13.26385936
1840,13.1812683
1841,13.14628067
1842,13.26661032
1843,13.22263687
1844,13.22004741
1845,13.18375362
1846,13.15444517
1847,13.2038653
1848,13.20925622
1849,13.22607386
1850,13.24229381
1851,13.21298405
1852,13.13588342
1853,13.22472031
1854,13.16747678
1855,13.11231248
1856,13.16005961
1857,13.11517888
1858,13.1950057
1859,13.19980076
1860,13.24151073
1861,13.20101159
1862,13.17669154
1863,13.20075268
1864,13.24762588
1865,13.22503324
1866,13.2665934
1867,13.14945057
1868,13.15535553
1869,13.22326469
1870,13.18040449
1871,13.25696636
1872,13.11196954
1873,13.15867345
1874,13.11895754
1875,13.16471414
1876,13.15732287
1877,13.23893124
1878,13.21790848
1879,13.17282888
1880,13.18529282
1881,13.17025534
1882,13.19766525
1883,13.15162567
1884,13.16583251
1885,13.14427482
1886,13.17917853
1887,13.18404465
1888,13.18911818
1889,13.14684549
1890,13.22642857
1891,13.15255709
1892,13.24543977
1893,13.2658426
1894,13.22414121
1895,13.25401228
1896,13.13368182
1897,13.27855178
1898,13.22480321
1899,13.23726252
1900,13.25060226
1901,13.15818921
1902,13.23687374
1903,13.23571426
1904,13.17879195
1905,13.25226938
1906,13.20597801
1907,13.25628431
1908,13.3484516
1909,13.20197811
1910,13.13808048
1911,13.26086644
1912,13.11195325
1913,13.13799219
1914,13.20362814
1915,13.12294007
1916,13.11676351
1917,13.18824574
1918,13.19492898
1919,13.17681009
1920,13.31124723
1921,13.25610637
1922,13.25006926
1923,13.18660436
1924,13.23098332
1925,13.20826883
1926,13.24371079
1927,13.17192676
1928,13.15034264
1929,13.24266021
1930,13.10096208
1931,13.2006285
1932,13.18920341
1933,13.20596863
1934,13.24969206
1935,13.15999621
1936,13.14454824
1937,13.13218972
1938,13.18460382
1939,13.28598802
1940,13.23320013
1941,13.19533745
1942,13.11610868
1943,13.28342816
1944,13.24240415
1945,13.29219782
1946,13.15672116
1947,13.15393005
1948,13.18468169
1949,13.21754958
1950,13.30897014
1951,13.16350173
1952,13.14781543
1953,13.20200601
1954,13.17013399
1955,13.15105801
1956,13.18667922
1957,13.15595088
1958,13.21950114
1959,13.22067739
1960,13.24675183
1961,13.16061212
1962,13.202021
1963,13.2787174
1964,13.24411412
1965,13.22966003
1966,13.18474894
1967,13.19506034
1968,13.18388201
1969,13.22815948
1970,13.28299453
1971,13.11004459
1972,13.24477446
1973,13.23027756
1974,13.2992994
1975,13.17820468
1976,13.14132837
1977,13.23035529
1978,13.23673639
1979,13.24812014
1980,13.23722525
1981,13.15644841
1982,13.28140827
1983,13.2122074
1984,13.24127918
1985,13.2353559
1986,13.20785273
1987,13.1251195
1988,13.11398334
1989,13.21189326
1990,13.22261688
1991,13.1055849
1992,13.26150135
1993,13.13610272
1994,13.23740351
1995,13.15546832
1996,13.24666066
1997,13.13738738
1998,13.24163218
1999,13.1289529
2000,13.19114868
2001,13.21338999
2002,13.17553256
2003,13.16002139
2004,13.18457005
2005,13.19909701
2006,13.18764946
2007,13.14470396
2008,13.13993538
2009,13.13987312
2010,13.1874303
2011,13.14974488
2012,13.25935439
2013,13.12547797
2014,13.18616935
2015,13.12035915
2016,13.15389045
2017,13.22921609
2018,13.24588483
2019,13.30950654
2020,13.18997219
2021,13.09656905
2022,13.26437003
2023,13.21576883
2024,13.13983959
2025,13.16946558
2026,13.27422584
2027,13.18933536
2028,13.26038322
2029,13.22001193
2030,13.26972748
2031,13.18172127
2032,13.10676605
2033,13.13543904
2034,13.12897842
2035,13.17988135
2036,13.2306555
2037,13.23879722
2038,13.1924212
2039,13.24384906
2040,13.17585076
2041,13.24962391
2042,13.21781
2043,13.22808167
2044,13.25548329
2045,13.27720106
2046,13.22819257
2047,13.24000085
2048,13.21159954
2049,13.23688299
2050,13.20666872
2051,13.21828726
2052,13.16554924
2053,13.18115383
2054,13.31205856
2055,13.15991009
2056,13.20194398
2057,13.21816976
2058,13.19646767
2059,13.19074343
2060,13.1265931
2061,13.26367263
2062,13.16091765
2063,13.22457677
2064,13.20188626
2065,13.1973139
2066,13.21155719
2067,13.20944857
2068,13.06083477
2069,13.17026946
2070,13.25885162
2071,13.23881985
2072,13.2233962
2073,13.22124639
2074,13.14966265
2075,13.15799012
2076,13.23770505
2077,13.26201582
2078,13.19400893
2079,13.29353816
2080,13.25396444
2081,13.1484711
2082,13.20568001
2083,13.19305214
2084,13.20498335
2085,13.13888257
2086,13.16192191
2087,13.19954417
2088,13.15492077
2089,13.21644128
2090,13.21434293
2091,13.19080113
2092,13.17066258
2093,13.1201309
2094,13.14220527
2095,13.17820491
2096,13.17337863
2097,13.15643077
2098,13.11392319
2099,13.24104789
2100,13.14341313
2101,13.21537174
2102,13.06302295
2103,13.23290058
2104,13.2266025
2105,13.17197597
2106,13.2744961
2107,13.18251004
2108,13.13666878
2109,13.14397459
2110,13.15061856
2111,13.19483048
2112,13.28045624
2113,13.22233429
2114,13.22615099
2115,13.20331789
2116,13.18626985
2117,13.18756403
2118,13.13498714
2119,13.2341318
2120,13.17657857
2121,13.18994623
2122,13.19815632
2123,13.21105877
2124,13.16132531
2125,13.25039253
2126,13.24088593
2127,13.11997843
2128,13.24425768
2129,13.26336023
2130,13.18425101
2131,13.15777197
2132,13.2526331
2133,13.17914128
2134,13.20078267
2135,13.16436576
2136,13.27848414
2137,13.14941987
2138,13.15340786
2139,13.15006906
2140,13.15423495
2141,13.20248495
2142,13.23229491
2143,13.20310581
2144,13.30006939
2145,13.22313823
2146,13.23223936
2147,13.21981963
2148,13.16588606
2149,13.18829086
2150,13.16017258
2151,13.12882558
2152,13.19906985
2153,13.14404842
2154,13.1947369
2155,13.21584234
2156,13.19103391
2157,13.20874809
2158,13.28305704
2159,13.21742674
2160,13.20332165
2161,13.15127664
2162,13.16035651
2163,13.14767934
2164,13.13305082
2165,13.28478055
2166,13.219566
2167,13.28012013
2168,13.14325614
2169,13.11644234
2170,13.20594665
2171,13.19749456
2172,13.138677
2173,13.22841589
2174,13.14025102
2175,13.20187146
2176,13.1937568
2177,13.2124823
2178,13.2308684
2179,13.11541192
2180,13.24562755
2181,13.27423576
2182,13.21652248
2183,13.15915579
2184,13.16350948
2185,13.19984031
2186,13.1322526
2187,13.25208688
2188,13.22083411
2189,13.17404622
2190,13.06478498
2191,13.20980707
2192,13.1693939
2193,13.30658423
2194,13.19920844
2195,13.19097006
2196,13.14676598
2197,13.19080908
2198,13.12330907
2199,13.14858698
2200,13.22582119
2201,13.21184416
2202,13.23265043
2203,13.21471459
2204,13.24319602
2205,13.19749201
2206,13.17456492
2207,13.30375887
2208,13.21898075
2209,13.13757227
2210,13.31725505
2211,13.18135017
2212,13.21353388
2213,13.1612559
2214,13.0991212
2215,13.25783369
2216,13.26277041
2217,13.18871055
2218,13.16623853
2219,13.20101988
2220,13.24524631
2221,13.20868593
2222,13.24118021
2223,13.18068717
2224,13.25844837
2225,13.22723159
2226,13.14186588
2227,13.21968213
2228,13.19736657
2229,13.17339562
2230,13.30760104
2231,13.24583003
2232,13.21801505
2233,13.24599874
2234,13.21029246
2235,13.16783216
2236,13.35070006
2237,13.2591009
2238,13.16759649
2239,13.24272302
2240,13.19503721
2241,13.2448003
2242,13.1856227
2243,13.12687243
2244,13.2647826
2245,13.25900343
2246,13.18085641
2247,13.2272711
2248,13.22589718
2249,13.15351278
2250,13.20737648
2251,13.19870302
2252,13.21771974
2253,13.23002251
2254,13.17490085
2255,13.17400314
2256,13.21201774
2257,13.08211481
2258,13.18999253
2259,13.13242352
2260,13.25364136
2261,13.17388104
2262,13.17411633
2263,13.20585067
2264,13.19229129
2265,13.13340514
2266,13.18494496
2267,13.20932874
2268,13.1853078
2269,13.25832443
2270,13.29653022
2271,13.17076268
2272,13.11501517
2273,13.10995544
2274,13.14756945
2275,13.1039401
2276,13.16322323
2277,13.167444
2278,13.21941876
2279,13.26316867
2280,13.23027805
2281,13.14596807
2282,13.14890093
2283,13.18034301
2284,13.16698674
2285,13.21144079
2286,13.25151289
2287,13.2197404
2288,13.21007866
2289,13.21183675
2290,13.15291515
2291,13.28526622
2292,13.23673808
2293,13.27020883
2294,13.20805006
2295,13.28464306
2296,13.09809825
2297,13.19528153
2298,13.27574489
2299,13.23383517
2300,13.18239027
2301,13.26830848
2302,13.24564482
2303,13.14580109
2304,13.23280445
2305,13.19125562
2306,13.18995466
2307,13.22446327
2308,13.23813995
2309,13.28694516
2310,13.16485692
2311,13.1549067
2312,13.11083163
2313,13.0938277
2314,13.22096709
2315,13.2922835
2316,13.22893436
2317,13.15482765
2318,13.22928302
2319,13.30308551
2320,13.10652644
2321,13.25318864
2322,13.23710874
2323,13.23238439
2324,13.20003284
2325,13.19893269
2326,13.27989203
2327,13.16530234
2328,13.16332732
2329,13.2221944
2330,13.22100962
2331,13.14410154
2332,13.23688223
2333,13.13015625
2334,13.23425531
2335,13.17764107
2336,13.20721159
2337,13.15347642
2338,13.19101159
2339,13.14444969
2340,13.16287583
2341,13.31690191
2342,13.20640485
2343,13.17354326
2344,13.28685437
2345,13.27395103
2346,13.24802374
2347,13.25676646
2348,13.20309462
2349,13.21639469
2350,13.25718646
2351,13.23225337
2352,13.33636091
2353,13.25139732
2354,13.22294608
2355,13.12639305
2356,13.17758854
2357,13.19133472
2358,13.27277856
2359,13.19080914
2360,13.19099988
2361,13.18731686
2362,13.13500839
2363,13.17669493
2364,13.23980267
2365,13.15785695
2366,13.19559778
2367,13.17463995
2368,13.18718724
2369,13.16815295
2370,13.17717782
2371,13.215815
2372,13.18150698
2373,13.21316767
2374,13.22436516
2375,13.18564608
2376,13.2173428
2377,13.23104498
2378,13.24078871
2379,13.14312577
2380,13.19907016
2381,13.15518795
2382,13.11322485
2383,13.16361244
2384,13.20468679
2385,13.16732466
2386,13.2963238
2387,13.21396885
2388,13.2532129
2389,13.13201611
2390,13.16545456
2391,13.20459214
2392,13.24195421
2393,13.17777843
2394,13.11715115
2395,13.19540969
2396,13.19827188
2397,13.24938518
2398,13.23374732
2399,13.17627446
2400,13.23731541
2401,13.15975739
2402,13.20003149
2403,13.26460337
2404,13.22893127
2405,13.24024391
2406,13.26080536
2407,13.21521937
2408,13.19666048
2409,13.21049082
2410,13.22763376
2411,13.18665563
2412,13.20778174
2413,13.11288305
2414,13.10294209
2415,13.11492139
2416,13.12833308
2417,13.22336756
2418,13.14188921
2419,13.23856245
2420,13.23875144
2421,13.15745888
2422,13.17906133
2423,13.21975319
2424,13.20113217
2425,13.18697602
2426,13.20552537
2427,13.21549733
2428,13.21582721
2429,13.16745928
2430,13.16780969
2431,13.14898037
2432,13.23979857
2433,13.1550923
2434,13.17900193
2435,13.17571064
2436,13.20453586
2437,13.17505196
2438,13.22042123
2439,13.22098887
2440,13.27408129
2441,13.26577499
2442,13.20316365
2443,13.23855286
2444,13.18887134
2445,13.1929441
2446,13.17549071
2447,13.13406272
2448,13.18681723
2449,13.19184488
2450,13.22985542
2451,13.21857594
2452,13.12693799
2453,13.16436859
2454,13.22981256
2455,13.22412801
2456,13.18427181
2457,13.06719334
2458,13.07605687
2459,13.14804952
2460,13.26721401
2461,13.23683697
2462,13.24612249
2463,13.204335
2464,13.15132335
2465,13.16726074
2466,13.28644316
2467,13.11880306
2468,13.24028496
2469,13.17404734
2470,13.22760146
2471,13.16260967
2472,13.158694
2473,13.23729033
2474,13.18596269
2475,13.21261364
2476,13.11249818
2477,13.12014007
2478,13.19582312
2479,13.19982855
2480,13.16964081
2481,13.14977048
2482,13.1583834
2483,13.2010249
2484,13.31428149
2485,13.2486958
2486,13.18048767
2487,13.26563638
2488,13.19248725
2489,13.23192845
2490,13.21491272
2491,13.21151588
2492,13.29799523
2493,13.10944752
2494,13.20098508
2495,13.20090794
2496,13.1173063
2497,13.22221737
2498,13.1891525
2499,13.21234833
2500,13.17817783
2501,13.22101493
2502,13.14807647
2503,13.1804788
2504,13.14408516
2505,13.20091953
2506,13.11257052
2507,13.18352521
2508,13.29859021
2509,13.16126671
2510,13.1681335
2511,13.29229095
2512,13.19563181
2513,13.2121106
2514,13.09842849
2515,13.1432748
2516,13.12897121
2517,13.15768112
2518,13.14994207
2519,13.258894
2520,13.18347801
2521,13.23362408
2522,13.13094754
2523,13.18904595
2524,13.07430927
2525,13.17561948
2526,13.19533115
2527,13.19606504
2528,13.2626479
2529,13.15849545
2530,13.17390821
2531,13.22807139
2532,13.11291202
2533,13.15573829
2534,13.26519681
2535,13.19131901
2536,13.17488462
2537,13.15945129
2538,13.25345412
2539,13.20058484
2540,13.2805338
2541,13.21459781
2542,13.10785195
2543,13.17613578
2544,13.25222629
2545,13.1525093
2546,13.19303686
2547,13.20448192
2548,13.22087721
2549,13.25519926
2550,13.16995526
2551,13.25622389
2552,13.25835894
2553,13.10116823
2554,13.13615607
2555,13.1371186
2556,13.09569385
2557,13.19694053
2558,13.18033009
2559,13.13850656
2560,13.20580217
2561,13.18919286
2562,13.14721049
2563,13.15536268
2564,13.16691199
2565,13.14459548
2566,13.16215002
2567,13.20639345
2568,13.16228004
2569,13.16347502
2570,13.17452984
2571,13.22775747
2572,13.14325539
2573,13.2197413
2574,13.1317785
2575,13.13786109
2576,13.21282286
2577,13.21963414
2578,13.14155455
2579,13.19358824
2580,13.19489527
2581,13.16871944
2582,13.10932586
2583,13.18651305
2584,13.28353841
2585,13.16242795
2586,13.21362275
2587,13.15597273
2588,13.14926053
2589,13.10633264
2590,13.26431645
2591,13.22106734
2592,13.23986553
2593,13.29000812
2594,13.17528059
2595,13.24660375
2596,13.26127076
2597,13.1930928
2598,13.23844192
2599,13.20486687
2600,13.20765621
2601,13.20361793
2602,13.23849665
2603,13.22887915
2604,13.13973421
2605,13.19938984
2606,13.21302727
2607,13.18202596
2608,13.22469921
2609,13.13546673
2610,13.22435802
2611,13.1699049
2612,13.28173917
2613,13.22577327
2614,13.22996359
2615,13.16244055
2616,13.12538706
2617,13.2658078
2618,13.2358748
2619,13.20864063
2620,13.19043783
2621,13.29784577
2622,13.31362092
2623,13.15425705
2624,13.27586667
2625,13.22014265
2626,13.27212777
2627,13.19470965
2628,13.17264521
2629,13.31942761
2630,13.23378371
2631,13.16182992
2632,13.15757715
2633,13.12424847
2634,13.16789471
2635,13.21944571
2636,13.23588878
2637,13.21238862
2638,13.15213664
2639,13.28221231
2640,13.17234392
2641,13.15395682
2642,13.16474797
2643,13.17217562
2644,13.24584376
2645,13.23648437
2646,13.20806435
2647,13.20887009
2648,13.12540922
2649,13.21461515
2650,13.30466101
2651,13.18283573
2652,13.22995649
2653,13.20419453
2654,13.30365056
2655,13.14261163
2656,13.22211769
2657,13.19803976
2658,13.23973542
2659,13.18209648
2660,13.13917004
2661,13.13408111
2662,13.13137053
2663,13.24143789
2664,13.22296568
2665,13.12178977
2666,13.12646422
2667,13.17889531
2668,13.1331569
2669,13.25750195
2670,13.24472995
2671,13.21272789
2672,13.20576547
2673,13.20331022
2674,13.26266701
2675,13.15725902
2676,13.11915707
2677,13.16491851
2678,13.16582158
2679,13.19632908
2680,13.21381826
2681,13.16375071
2682,13.24467095
2683,13.20698207
2684,13.19154617
2685,13.13514762
2686,13.18628073
2687,13.26785872
2688,13.18511272
2689,13.09942611
2690,13.19395984
2691,13.16675015
2692,13.18799724
2693,13.18625094
2694,13.222381
2695,13.27798041
2696,13.24341191
2697,13.22141095
2698,13.08197044
2699,13.15219857
2700,13.27847171
2701,13.26937643
2702,13.1456659
2703,13.21472659
2704,13.14351621
2705,13.2545633
2706,13.25592135
2707,13.13069629
2708,13.28228133
2709,13.28185435
2710,13.20275685
2711,13.23205908
2712,13.26724366
2713,13.18143274
2714,13.15640495
2715,13.23944926
2716,13.30194589
2717,13.19374576
2718,13.28248221
2719,13.22063051
2720,13.10626777
2721,13.23515629
2722,13.20899648
2723,13.23498189
2724,13.17363988
2725,13.17363882
2726,13.21314225
2727,13.19346915
2728,13.200014
2729,13.24878513
2730,13.27171582
2731,13.18935581
2732,13.19310425
2733,13.17727819
2734,13.21236227
2735,13.26147695
2736,13.27767481
2737,13.31594668
2738,13.16528213
2739,13.26825497
2740,13.23365171
2741,13.25461473
2742,13.18430256
2743,13.17576107
2744,13.2120165
2745,13.20421384
2746,13.18067466
2747,13.12200149
2748,13.22626772
2749,13.12830082
2750,13.03840749
2751,13.26013102
2752,13.17612578
2753,13.19378292
2754,13.17672194
2755,13.13945277
2756,13.25576733
2757,13.19383291
2758,13.18987523
2759,13.23255684
2760,13.0781461
2761,13.17464501
2762,13.20223309
2763,13.24596793
2764,13.171516
2765,13.30615405
2766,13.25776786
2767,13.15881411
2768,13.15131144
2769,13.22617127
2770,13.25336011
2771,13.17726079
2772,13.19740137
2773,13.17398615
2774,13.22227408
2775,13.24553625
2776,13.20738577
2777,13.07498645
2778,13.18272703
2779,13.23140073
2780,13.24000408
2781,13.16193014
2782,13.19269332
2783,13.1488326
2784,13.20906183
2785,13.31067862
2786,13.25856689
2787,13.30965365
2788,13.24652895
2789,13.11831011
2790,13.17984429
2791,13.21366677
2792,13.15980154
2793,13.24074569
2794,13.23424329
2795,13.2351852
2796,13.22613089
2797,13.21875061
2798,13.15474682
2799,13.17650038
2800,13.22559298
2801,13.26284157
2802,13.30324479
2803,13.12814557
2804,13.109058
2805,13.2706552
2806,13.1164565
2807,13.15701136
2808,13.24951262
2809,13.21519631
2810,13.16114349
2811,13.17224414
2812,13.1029559
2813,13.1797921
2814,13.22836024
2815,13.21653658
2816,13.14155217
2817,13.22591578
2818,13.16692397
2819,13.24983347
2820,13.14836992
2821,13.18565724
2822,13.2624029
2823,13.16443765
2824,13.19888419
2825,13.20967085
2826,13.22363694
2827,13.16744817
2828,13.27059375
2829,13.16213605
2830,13.23231308
2831,13.15904929
2832,13.12620744
2833,13.21516086
2834,13.19317206
2835,13.200101
2836,13.14998317
2837,13.12831083
2838,13.17973163
2839,13.1318157
2840,13.28941961
2841,13.22620654
2842,13.1975574
2843,13.15000593
2844,13.20215458
2845,13.20896306
2846,13.14304912
2847,13.19850439
2848,13.22715876
2849,13.27029586
2850,13.13914562
2851,13.18452866
2852,13.21483888
2853,13.1299619
2854,13.17412907
2855,13.28572257
2856,13.22554112
2857,13.25332759
2858,13.2382799
2859,13.22491941
2860,13.17305412
2861,13.26167756
2862,13.24046847
2863,13.25076631
2864,13.23786134
2865,13.31742816
2866,13.24434531
2867,13.26238368
2868,13.22935567
2869,13.18733339
2870,13.15775261
2871,13.23539608
2872,13.22819176
2873,13.21943988
2874,13.21028057
2875,13.14096575
2876,13.23750199
2877,13.16845895
2878,13.15698772
2879,13.17248756
2880,13.20330453
2881,13.24661505
2882,13.1964856
2883,13.20949553
2884,13.22225326
2885,13.19528203
2886,13.15849155
2887,13.17829121
2888,13.15336601
2889,13.09632599
2890,13.18716205
2891,13.26638172
2892,13.2225907
2893,13.2266287
2894,13.2826498
2895,13.19524447
2896,13.16070911
2897,13.13589712
2898,13.21178064
2899,13.19675667
2900,13.18673734
2901,13.18373968
2902,13.12200284
2903,13.14838427
2904,13.12388251
2905,13.14996785
2906,13.16602839
2907,13.12792041
2908,13.17304158
2909,13.28180481
2910,13.25390919
2911,13.16904494
2912,13.18352517
2913,13.17832322
2914,13.22962304
2915,13.21517934
2916,13.27325661
2917,13.2030672
2918,13.04416086
2919,13.28665873
2920,13.1846743
2921,13.17229739
2922,13.15471532
2923,13.28405385
2924,13.18834322
2925,13.21694342
2926,13.26666429
2927,13.24193509
2928,13.13964589
2929,13.24844041
2930,13.13151079
2931,13.125469
2932,13.18244978
2933,13.17705975
2934,13.20423
2935,13.18323807
2936,13.27740152
2937,13.21385634
2938,13.14606441
2939,13.14650713
2940,13.32317848
2941,13.25444216
2942,13.16977549
2943,13.22211049
2944,13.25715735
2945,13.09843039
2946,13.22319819
2947,13.21404596
2948,13.18079778
2949,13.16018462
2950,13.26381989
2951,13.1549518
2952,13.13332272
2953,13.25684497
2954,13.21000128
2955,13.17720838
2956,13.19984813
2957,13.12682058
2958,13.12823734
2959,13.16593072
2960,13.24990006
2961,13.15030769
2962,13.14453676
2963,13.23475009
2964,13.17010708
2965,13.31698413
2966,13.18467755
2967,13.29136455
2968,13.13876047
2969,13.27522647
2970,13.19177944
2971,13.15483401
2972,13.14349628
2973,13.17525338
2974,13.09566655
2975,13.14610847
2976,13.15206852
2977,13.2459891
2978,13.20873609
2979,13.21255995
2980,13.22504737
2981,13.22755002
2982,13.22386893
2983,13.15604095
2984,13.29228868
2985,13.21363506
2986,13.15083318
2987,13.24349838
2988,13.26062877
2989,13.14973667
2990,13.24905319
2991,13.19170521
2992,13.24555713
2993,13.32492099
2994,13.19414583
2995,13.15926717
2996,13.14167597
2997,13.21822582
2998,13.14066454
2999,13.20558085
3000,13.1431569
3001,13.20233573
3002,13.14507549
3003,13.12504233
3004,13.17048417
3005,13.23064803
3006,13.16653772
3007,13.13880223
3008,13.23557843
3009,13.255531
3010,13.13367076
3011,13.13560625
3012,13.2384165
3013,13.17367317
3014,13.20442453
3015,13.2445322
3016,13.17704294
3017,13.28069185
3018,13.14564286
3019,13.18075771
3020,13.1347904
3021,13.19872009
3022,13.29498753
3023,13.13751467
3024,13.17721949
3025,13.16580078
3026,13.13077941
3027,13.18858915
3028,13.21379069
3029,13.32410488
3030,13.2045836
3031,13.20815089
3032,13.13993396
3033,13.21247244
3034,13.1938049
3035,13.32654211
3036,13.22253171
3037,13.16124896
3038,13.22321656
3039,13.17684567
3040,13.2474669
3041,13.19963284
3042,13.16623837
3043,13.14933828
3044,13.19173149
3045,13.21616222
3046,13.20154527
3047,13.18348095
3048,13.24234581
3049,13.21085473
3050,13.23155109
3051,13.18567699
3052,13.21353944
3053,13.22684709
3054,13.25195233
3055,13.26745
3056,13.11889707
3057,13.23604323
3058,13.26061446
3059,13.20040313
3060,13.27059213
3061,13.25916797
3062,13.20131096
3063,13.192637
3064,13.16660848
3065,13.13036491
3066,13.14720484
3067,13.23203665
3068,13.2084372
3069,13.28047369
3070,13.2148484
3071,13.21209351
3072,13.19767967
3073,13.26915379
3074,13.10317611
3075,13.23387652
3076,13.269615
3077,13.20693782
3078,13.25044775
3079,13.19773282
3080,13.17116986
3081,13.09422825
3082,13.17164785
3083,13.21991067
3084,13.14454914
3085,13.26086488
3086,13.17167773
3087,13.2354911
3088,13.17599131
3089,13.29848076
3090,13.31343483
3091,13.18171166
3092,13.21439311
3093,13.21008611
3094,13.15012494
3095,13.22247579
3096,13.21360043
3097,13.22492738
3098,13.20550857
3099,13.18983961
3100,13.26651723
3101,13.26088954
3102,13.12117269
3103,13.17549246
3104,13.23555685
3105,13.15770338
3106,13.15944181
3107,13.2167905
3108,13.17703106
3109,13.23375706
3110,13.15511696
3111,13.26999501
3112,13.19968758
3113,13.18157629
3114,13.14114235
3115,13.20164452
3116,13.28366612
3117,13.21282617
3118,13.14045561
3119,13.14648916
3120,13.24373203
3121,13.15997128
3122,13.21986951
3123,13.1680848
3124,13.11188413
3125,13.15972538
3126,13.21018372
3127,13.28105099
3128,13.20095378
3129,13.21302542
3130,13.21364823
3131,13.17052932
3132,13.2039046
3133,13.17747193
3134,13.2503101
3135,13.2597633
3136,13.23131838
3137,13.26281147
3138,13.17716593
3139,13.20831609
3140,13.09458281
3141,13.06807164
3142,13.11435418
3143,13.22951136
3144,13.18530246
3145,13.16354246
3146,13.0932339
3147,13.18857819
3148,13.2524992
3149,13.20443037
3150,13.21875174
3151,13.14699297
3152,13.15323039
3153,13.20007378
3154,13.19412124
3155,13.14179905
3156,13.19249611
3157,13.10701902
3158,13.09020739
3159,13.23838761
3160,13.23543134
3161,13.16140973
3162,13.23914397
3163,13.12459778
3164,13.21491449
3165,13.12600438
3166,13.26244508
3167,13.13527218
3168,13.20866732
3169,13.18729862
3170,13.24350671
3171,13.24831643
3172,13.15145821
3173,13.16640592
3174,13.2777775
3175,13.24009995
3176,13.27857153
3177,13.15356296
3178,13.25310467
3179,13.20541719
3180,13.22387575
3181,13.15438059
3182,13.16386332
3183,13.23196186
3184,13.15287546
3185,13.13022692
3186,13.16115276
3187,13.23826579
3188,13.07687187
3189,13.23084261
3190,13.28572484
3191,13.19900064
3192,13.23676225
3193,13.20406811
3194,13.2025568
3195,13.24272799
3196,13.25137986
3197,13.23080059
3198,13.15621611
3199,13.18161407
3200,13.12298309
3201,13.21717668
3202,13.13815505
3203,13.19046402
3204,13.25092154
3205,13.17695776
3206,13.13628857
3207,13.20277517
3208,13.20615495
3209,13.21330342
3210,13.14015209
3211,13.16531482
3212,13.14524899
3213,13.16885415
3214,13.27226622
3215,13.12609987
3216,13.24457987
3217,13.22618097
3218,13.22425515
3219,13.14963455
3220,13.11659432
3221,13.16248023
3222,13.18630593
3223,13.27216059
3224,13.22692285
3225,13.24388889
3226,13.26670309
3227,13.19868979
3228,13.34572168
3229,13.13788107
3230,13.23276085
3231,13.200597
3232,13.18947665
3233,13.18968714
3234,13.13537812
3235,13.05329831
3236,13.20821494
3237,13.22518763
3238,13.21122331
3239,13.15702561
3240,13.23315164
3241,13.24566635
3242,13.16292662
3243,13.20313538
3244,13.20439681
3245,13.19105745
3246,13.21191447
3247,13.20111888
3248,13.20994448
3249,13.24997378
3250,13.1447016
3251,13.22640708
3252,13.29539294
3253,13.20192699
3254,13.20267516
3255,13.22217947
3256,13.19510809
3257,13.15215677
3258,13.15694875
3259,13.19648502
3260,13.19755128
3261,13.19643055
3262,13.17266833
3263,13.20416405
3264,13.21218441
3265,13.17881456
3266,13.25070358
3267,13.21019382
3268,13.2153976
3269,13.16339112
3270,13.32370116
3271,13.28436717
3272,13.12872876
3273,13.16220143
3274,13.14054578
3275,13.17715544
3276,13.10823633
3277,13.15749292
3278,13.16216072
3279,13.22281718
3280,13.17732525
3281,13.1549842
3282,13.20399333
3283,13.1730489
3284,13.11461392
3285,13.18288065
3286,13.27998871
3287,13.23172409
3288,13.28820703
3289,13.18581535
3290,13.18306268
3291,13.19568712
3292,13.19039615
3293,13.19694979
3294,13.19192466
3295,13.20534971
3296,13.19624665
3297,13.22880317
3298,13.23572233
3299,13.17988523
3300,13.23565846
3301,13.21368208
3302,13.14436904
3303,13.31289361
3304,13.17907406
3305,13.25029367
3306,13.28543219
3307,13.25551095
3308,13.14932569
3309,13.19031195
3310,13.24617478
3311,13.17704037
3312,13.2630466
3313,13.19681449
3314,13.2886587
3315,13.2481654
3316,13.16775015
3317,13.25780075
3318,13.17573543
3319,13.22016592
3320,13.20178046
3321,13.1463655
3322,13.20805668
3323,13.18812367
3324,13.17686078
3325,13.24730839
3326,13.12591815
3327,13.17290492
3328,13.2174154
3329,13.30813866
3330,13.21558292
3331,13.1372561
3332,13.14811358
3333,13.22449124
3334,13.15406101
3335,13.23484344
3336,13.19527535
3337,13.11088154
3338,13.25484641
3339,13.09753494
3340,13.14482723
3341,13.17679953
3342,13.12161337
3343,13.14303466
3344,13.19821293
3345,13.19516087
3346,13.17324847
3347,13.23446044
3348,13.13829577
3349,13.2156358
3350,13.21855205
3351,13.14244678
3352,13.24502699
3353,13.15960668
3354,13.13186138
3355,13.24597308
3356,13.14695942
3357,13.2055221
3358,13.28660327
3359,13.2323878
3360,13.11191085
3361,13.17353335
3362,12.99778504
3363,13.18878678
3364,13.06692451
3365,13.07334171
3366,13.22716173
3367,13.23129399
3368,13.1950011
3369,13.26737959
3370,13.1459073
3371,13.19226264
3372,13.30633355
3373,13.19929029
3374,13.18555255
3375,13.21980679
3376,13.1603966
3377,13.18545577
3378,13.19310531
3379,13.27593182
3380,13.20357622
3381,13.19958531
3382,13.23605477
3383,13.21844573
3384,13.18650191
3385,13.19117208
3386,13.22392662
3387,13.22549725
3388,13.20111588
3389,13.18923539
3390,13.21731838
3391,13.20720561
3392,13.16246575
3393,13.08661432
3394,13.16989229
3395,13.11850953
3396,13.21483221
3397,13.14166472
3398,13.21106125
3399,13.19713563
3400,13.19503766
3401,13.23972474
3402,13.14201031
3403,13.26644839
3404,13.16059653
3405,13.15133573
3406,13.25438085
3407,13.21571236
3408,13.14407936
3409,13.25426941
3410,13.28142293
3411,13.30150735
3412,13.23250575
3413,13.18303274
3414,13.14643266
3415,13.16126301
3416,13.26093571
3417,13.22484816
3418,13.09513394
3419,13.15881628
3420,13.20271596
3421,13.15253682
3422,13.13061763
3423,13.17290287
3424,13.20535121
3425,13.21041604
3426,13.16073559
3427,13.16221549
3428,13.17586116
3429,13.16752904
3430,13.23237957
3431,13.17900894
3432,13.22201307
3433,13.23676597
3434,13.26308328
3435,13.23923041
3436,13.18398613
3437,13.24094578
3438,13.15071134
3439,13.23353275
3440,13.26456006
3441,13.23568521
3442,13.16039292
3443,13.21715646
3444,13.15530433
3445,13.19909594
3446,13.22591171
3447,13.28554039
3448,13.09889601
3449,13.23241305
3450,13.10853311
3451,13.19616084
3452,13.24509883
3453,13.13564891
3454,13.2315089
3455,13.31103429
3456,13.25282671
3457,13.17356275
3458,13.23235433
3459,13.19542687
3460,13.26329052
3461,13.26501191
3462,13.20600605
3463,13.20342519
3464,13.2413898
3465,13.14395106
3466,13.2406136
3467,13.20515086
3468,13.33949022
3469,13.23384791
3470,13.14183846
3471,13.13496762
3472,13.26644348
3473,13.20679201
3474,13.22904531
3475,13.2576622
3476,13.28601049
3477,13.20823454
3478,13.26398955
3479,13.17046927
3480,13.23715789
3481,13.17792151
3482,13.13409464
3483,13.27429811
3484,13.16022466
3485,13.23395483
3486,13.16863144
3487,13.20298377
3488,13.22356553
3489,13.20177752
3490,13.23103056
3491,13.22240255
3492,13.19961378
3493,13.19328243
3494,13.19930222
3495,13.21479116
3496,13.21730683
3497,13.19001609
3498,13.17981681
3499,13.18921171
3500,13.1695073
3501,13.23683632
3502,13.23411786
3503,13.20765525
3504,13.12870784
3505,13.13186319
3506,13.22178849
3507,13.27214203
3508,13.24782893
3509,13.22318803
3510,13.15597926
3511,13.22453109
3512,13.24120012
3513,13.22404215
3514,13.18358308
3515,13.23327076
3516,13.17430256
3517,13.11596459
3518,13.19220224
3519,13.18157275
3520,13.24972356
3521,13.19792664
3522,13.14811387
3523,13.22831412
3524,13.20153456
3525,13.11674811
3526,13.16025091
3527,13.17231483
3528,13.20321288
3529,13.2148596
3530,13.20980089
3531,13.23849557
3532,13.20282898
3533,13.21798068
3534,13.1961825
3535,13.26680886
3536,13.1355101
3537,13.20412174
3538,13.10158407
3539,13.17605263
3540,13.21705503
3541,13.19476614
3542,13.1798263
3543,13.1907423
3544,13.22764966
3545,13.16497297
3546,13.24996358
3547,13.23305074
3548,13.21012662
3549,13.24268015
3550,13.17607666
3551,13.18805188
3552,13.16857906
3553,13.15620935
3554,13.16940597
3555,13.19823845
3556,13.23146588
3557,13.18812392
3558,13.31148839
3559,13.14502542
3560,13.28464616
3561,13.12613558
3562,13.16520316
3563,13.23828376
3564,13.20461991
3565,13.16716776
3566,13.31903422
3567,13.13140022
3568,13.21621071
3569,13.16997578
3570,13.18883374
3571,13.19925924
3572,13.18076321
3573,13.21593884
3574,13.21617132
3575,13.24156401
3576,13.14668894
3577,13.1504349
3578,13.16550056
3579,13.25652108
3580,13.13268173
3581,13.28406778
3582,13.21188175
3583,13.18911448
3584,13.25249452
3585,13.24480612
3586,13.26374381
3587,13.2067802
3588,13.10353571
3589,13.13848834
3590,13.1943464
3591,13.2747143
3592,13.18565069
3593,13.15650243
3594,13.17649414
3595,13.2080359
3596,13.26093746
3597,13.24787521
3598,13.10652978
3599,13.14097139
3600,13.20947329
3601,13.15441574
3602,13.3037562
3603,13.2067143
3604,13.18595718
3605,13.1612036
3606,13.20074492
3607,13.06907841
3608,13.25486616
3609,13.30129365
3610,13.23380568
3611,13.23784955
3612,13.21151708
3613,13.201484
3614,13.25036999
3615,13.20302072
3616,13.23823345
3617,13.28045753
3618,13.23762724
3619,13.20247441
3620,13.14716523
3621,13.20313715
3622,13.18830044
3623,13.29092627
3624,13.19812805
3625,13.19064654
3626,13.18655895
3627,13.17674876
3628,13.24553758
3629,13.23251213
3630,13.18232902
3631,13.07267329
3632,13.18011889
3633,13.21696864
3634,13.30933698
3635,13.26516348
3636,13.25254482
3637,13.17385296
3638,13.22389808
3639,13.10540987
3640,13.18061793
3641,13.16051986
3642,13.15910775
3643,13.21329699
3644,13.1935873
3645,13.26107389
3646,13.17486737
3647,13.22377774
3648,13.13361275
3649,13.21573758
3650,13.09109891
3651,13.1460182
3652,13.12983745
3653,13.16237812
3654,13.21853894
3655,13.1520063
3656,13.22003992
3657,13.19277528
3658,13.18780547
3659,13.16587877
3660,13.16933936
3661,13.2037799
3662,13.20158835
3663,13.21298771
3664,13.1788773
3665,13.26482181
3666,13.12383431
3667,13.16875868
3668,13.25104966
3669,13.23737595
3670,13.22017351
3671,13.25748999
3672,13.12722056
3673,13.13536634
3674,13.17040143
3675,13.22644482
3676,13.20826962
3677,13.12605163
3678,13.19020919
3679,13.18229241
3680,13.19599656
3681,13.21418963
3682,13.2677477
3683,13.2151721
3684,13.22915118
3685,13.1895176
3686,13.18584704
3687,13.1526472
3688,13.19617264
3689,13.10229579
3690,13.17988412
3691,13.14789387
3692,13.17043616
3693,13.16102668
3694,13.30480497
3695,13.23799998
3696,13.21781328
3697,13.3066466
3698,13.11405249
3699,13.21427563
3700,13.13979374
3701,13.24077198
3702,13.24358274
3703,13.19176354
3704,13.22729504
3705,13.20514247
3706,13.16612971
3707,13.23690541
3708,13.20713086
3709,13.27368848
3710,13.13703344
3711,13.13839387
3712,13.29050692
3713,13.14556237
3714,13.15958441
3715,13.18566115
3716,13.21327963
3717,13.25581706
3718,13.22274976
3719,13.29900664
3720,13.15727757
3721,13.1704938
3722,13.20553769
3723,13.19806181
3724,13.19911711
3725,13.10998497
3726,13.24917793
3727,13.08013289
3728,13.24505864
3729,13.18731642
3730,13.21430723
3731,13.24144336
3732,13.14449379
3733,13.19280822
3734,13.22337488
3735,13.25654281
3736,13.1055644
3737,13.15459367
3738,13.22564623
3739,13.28019572
3740,13.18818162
3741,13.16021578
3742,13.24133177
3743,13.18047403
3744,13.1580463
3745,13.22183671
3746,13.18035778
3747,13.16973594
3748,13.06613293
3749,13.21128935
3750,13.1986543
3751,13.25217424
3752,13.20673698
3753,13.21121426
3754,13.25029417
3755,13.21458552
3756,13.14561031
3757,13.24679114
3758,13.28755399
3759,13.26498474
3760,13.23539033
3761,13.1342701
3762,13.25442336
3763,13.19539901
3764,13.23071536
3765,13.24984754
3766,13.14510753
3767,13.22607146
3768,13.13789234
3769,13.18612468
3770,13.24069202
3771,13.21326613
3772,13.12043871
3773,13.1538865
3774,13.27016844
3775,13.23129419
3776,13.23013219
3777,13.20485807
3778,13.27407887
3779,13.19220377
3780,13.23107232
3781,13.12298434
3782,13.17176967
3783,13.2261552
3784,13.25550942
3785,13.20707248
3786,13.13813733
3787,13.208928
3788,13.23604649
3789,13.20163082
3790,13.16669237
3791,13.09991646
3792,13.21918854
3793,13.24366806
3794,13.24050967
3795,13.22166764
3796,13.24044249
3797,13.20170431
3798,13.30216522
3799,13.16454039
3800,13.15070803
3801,13.22998237
3802,13.17028261
3803,13.21805737
3804,13.15403098
3805,13.18774416
3806,13.21981757
3807,13.17233017
3808,13.13297672
3809,13.18886082
3810,13.22097363
3811,13.2704448
3812,13.27184778
3813,13.25443384
3814,13.18251754
3815,13.21543692
3816,13.16112151
3817,13.21910896
3818,13.20670983
3819,13.19764927
3820,13.23960268
3821,13.16236037
3822,13.24871271
3823,13.20800031
3824,13.15173668
3825,13.26269124
3826,13.2421231
3827,13.20505004
3828,13.14099008
3829,13.26532955
3830,13.18389889
3831,13.19761281
3832,13.18496957
3833,13.25417627
3834,13.23982152
3835,13.22023278
3836,13.16267309
3837,13.15481275
3838,13.23636733
3839,13.08004275
3840,13.21137696
3841,13.05571501
3842,13.20341802
3843,13.27815969
3844,13.21914525
3845,13.15627785
3846,13.22307249
3847,13.16714556
3848,13.12552575
3849,13.13751412
3850,13.19707341
3851,13.29673781
3852,13.22847349
3853,13.22013505
3854,13.11176048
3855,13.15430795
3856,13.18884703
3857,13.22875771
3858,13.16682882
3859,13.23064471
3860,13.15529825
3861,13.26416818
3862,13.23249744
3863,13.18289809
3864,13.10297163
3865,13.2099792
3866,13.19996947
3867,13.29623482
3868,13.24211788
3869,13.15368654
3870,13.25096909
3871,13.24732388
3872,13.24033057
3873,13.22442844
3874,13.19232963
3875,13.21581719
3876,13.1839742
3877,13.201211
3878,13.12644806
3879,13.30368596
3880,13.18104855
3881,13.13174327
3882,13.13744679
3883,13.12507231
3884,13.19761999
3885,13.22319801
3886,13.25509271
3887,13.17442606
3888,13.20198953
3889,13.23519619
3890,13.12907075
3891,13.1646592
3892,13.1568495
3893,13.26666845
3894,13.18798104
3895,13.18265602
3896,13.38238719
3897,13.22812078
3898,13.25595977
3899,13.16605204
3900,13.248923
3901,13.21507829
3902,13.19995925
3903,13.22426045
3904,13.2026839
3905,13.21638954
3906,13.24218215
3907,13.27531426
3908,13.22645283
3909,13.19108904
3910,13.16873501
3911,13.21497884
3912,13.21566384
3913,13.24938204
3914,13.28410747
3915,13.13966779
3916,13.16163253
3917,13.22395054
3918,13.22594035
3919,13.10947029
3920,13.18668861
3921,13.23766714
3922,13.13014927
3923,13.20699152
3924,13.17203619
3925,13.20443473
3926,13.2248689
3927,13.21799453
3928,13.16264396
3929,13.18429685
3930,13.23467848
3931,13.18681972
3932,13.1946233
3933,13.22370156
3934,13.19594741
3935,13.20039981
3936,13.15743192
3937,13.20227563
3938,13.20674639
3939,13.2369587
3940,13.16382619
3941,13.19809247
3942,13.1168275
3943,13.25581758
3944,13.16099568
3945,13.22845626
3946,13.19166081
3947,13.22382868
3948,13.14492888
3949,13.24057865
3950,13.14347744
3951,13.10000876
3952,13.10530976
3953,13.21955959
3954,13.18879164
3955,13.13864863
3956,13.15038656
3957,13.12121425
3958,13.18092774
3959,13.31815832
3960,13.1216447
3961,13.15515517
3962,13.19026053
3963,13.22166601
3964,13.15441188
3965,13.23910134
3966,13.18127231
3967,13.25016295
3968,13.16834623
3969,13.14846377
3970,13.13864927
3971,13.1257172
3972,13.11188833
3973,13.20408506
3974,13.20713952
3975,13.22435894
3976,13.19992045
3977,13.28675009
3978,13.25433524
3979,13.17245863
3980,13.27355835
3981,13.16631776
3982,13.1798273
3983,13.18452072
3984,13.19361261
3985,13.1224917
3986,13.1647486
3987,13.20477715
3988,13.28016956
3989,13.19523153
3990,13.29666272
3991,13.17059099
3992,13.2211627
3993,13.24455787
3994,13.18965868
3995,13.20272253
3996,13.3062458
3997,13.12338852
3998,13.21041193
3999,13.29459162
4000,13.24676587
